ID,Construction_ID,Parameter_ID,Value
afar1241-suff-it--synthesis,afar1241-suff-it-,synthesis,synth
afar1241-suff-it--strategy,afar1241-suff-it-,strategy,suffix
afar1241-suff-it--passive,afar1241-suff-it-,passive,compl
afar1241-suff-it--anticausative,afar1241-suff-it-,anticausative,mid
afar1241-suff-it--reflexive,afar1241-suff-it-,reflexive,compl
afar1241-suff-it--reciprocal,afar1241-suff-it-,reciprocal,compl
afar1241-suff-it--antipassive,afar1241-suff-it-,antipassive,no
afar1241-suff-it--selfbenefactive,afar1241-suff-it-,selfbenefactive,mid
afar1241-suff-it--impersonal,afar1241-suff-it-,impersonal,no
afar1241-suff-it--facilitative,afar1241-suff-it-,facilitative,no
afar1241-suff-it--syncretism_pattern,afar1241-suff-it-,syncretism_pattern,ANTC/SELF
afar1241-suff-it--voice_functions,afar1241-suff-it-,voice_functions,2
afar1241-suff-it--source_type,afar1241-suff-it-,source_type,refl
afar1241-suff-it--multiple_marking_language,afar1241-suff-it-,multiple_marking_language,no
ahte1237-prefd--synthesis,ahte1237-prefd-,synthesis,synth
ahte1237-prefd--strategy,ahte1237-prefd-,strategy,prefix
ahte1237-prefd--passive,ahte1237-prefd-,passive,mid
ahte1237-prefd--anticausative,ahte1237-prefd-,anticausative,mid
ahte1237-prefd--reflexive,ahte1237-prefd-,reflexive,mid
ahte1237-prefd--reciprocal,ahte1237-prefd-,reciprocal,mid
ahte1237-prefd--antipassive,ahte1237-prefd-,antipassive,no
ahte1237-prefd--selfbenefactive,ahte1237-prefd-,selfbenefactive,mid
ahte1237-prefd--impersonal,ahte1237-prefd-,impersonal,no
ahte1237-prefd--facilitative,ahte1237-prefd-,facilitative,no
ahte1237-prefd--other_opp_class,ahte1237-prefd-,other_opp_class,"aspect, other"
ahte1237-prefd--syncretism_pattern,ahte1237-prefd-,syncretism_pattern,PASS/ANTC/REFL/SELF/RECP
ahte1237-prefd--voice_functions,ahte1237-prefd-,voice_functions,5
ahte1237-prefd--source_type,ahte1237-prefd-,source_type,refl
ahte1237-prefd--multiple_marking_language,ahte1237-prefd-,multiple_marking_language,no
akka1240-n-stem-synthesis,akka1240-n-stem,synthesis,synth
akka1240-n-stem-strategy,akka1240-n-stem,strategy,prefix+vowel template
akka1240-n-stem-passive,akka1240-n-stem,passive,mid
akka1240-n-stem-anticausative,akka1240-n-stem,anticausative,mid
akka1240-n-stem-reflexive,akka1240-n-stem,reflexive,mid
akka1240-n-stem-reciprocal,akka1240-n-stem,reciprocal,mid
akka1240-n-stem-antipassive,akka1240-n-stem,antipassive,no
akka1240-n-stem-selfbenefactive,akka1240-n-stem,selfbenefactive,no
akka1240-n-stem-impersonal,akka1240-n-stem,impersonal,no
akka1240-n-stem-facilitative,akka1240-n-stem,facilitative,no
akka1240-n-stem-other_opp_class,akka1240-n-stem,other_opp_class,aspect
akka1240-n-stem-syncretism_pattern,akka1240-n-stem,syncretism_pattern,PASS/ANTC/REFL/RECP
akka1240-n-stem-voice_functions,akka1240-n-stem,voice_functions,4
akka1240-n-stem-source_type,akka1240-n-stem,source_type,norefl
akka1240-n-stem-source_typenonreflexive,akka1240-n-stem,source_typenonreflexive,lex
akka1240-n-stem-multiple_marking_language,akka1240-n-stem,multiple_marking_language,yes
akka1240-n-stem-multiple_marking_languagecognate,akka1240-n-stem,multiple_marking_languagecognate,no
akka1240-n-stem-multiple_marking_languagecooccurence,akka1240-n-stem,multiple_marking_languagecooccurence,no
akka1240-t-stem-synthesis,akka1240-t-stem,synthesis,synth
akka1240-t-stem-strategy,akka1240-t-stem,strategy,prefix+vowel template
akka1240-t-stem-passive,akka1240-t-stem,passive,mid
akka1240-t-stem-anticausative,akka1240-t-stem,anticausative,no
akka1240-t-stem-reflexive,akka1240-t-stem,reflexive,mid
akka1240-t-stem-reciprocal,akka1240-t-stem,reciprocal,mid
akka1240-t-stem-antipassive,akka1240-t-stem,antipassive,no
akka1240-t-stem-selfbenefactive,akka1240-t-stem,selfbenefactive,no
akka1240-t-stem-impersonal,akka1240-t-stem,impersonal,no
akka1240-t-stem-facilitative,akka1240-t-stem,facilitative,no
akka1240-t-stem-other_opp_class,akka1240-t-stem,other_opp_class,other
akka1240-t-stem-syncretism_pattern,akka1240-t-stem,syncretism_pattern,PASS/REFL/RECP
akka1240-t-stem-voice_functions,akka1240-t-stem,voice_functions,3
akka1240-t-stem-source_type,akka1240-t-stem,source_type,unknown
akka1240-t-stem-multiple_marking_language,akka1240-t-stem,multiple_marking_language,yes
akka1240-t-stem-multiple_marking_languagecognate,akka1240-t-stem,multiple_marking_languagecognate,no
akka1240-t-stem-multiple_marking_languagecooccurence,akka1240-t-stem,multiple_marking_languagecooccurence,no
akun1241-pronounte-synthesis,akun1241-pronounte,synthesis,analytic
akun1241-pronounte-strategy,akun1241-pronounte,strategy,clitic pronoun
akun1241-pronounte-passive,akun1241-pronounte,passive,no
akun1241-pronounte-anticausative,akun1241-pronounte,anticausative,mid
akun1241-pronounte-reflexive,akun1241-pronounte,reflexive,compt
akun1241-pronounte-reciprocal,akun1241-pronounte,reciprocal,mid
akun1241-pronounte-antipassive,akun1241-pronounte,antipassive,no
akun1241-pronounte-selfbenefactive,akun1241-pronounte,selfbenefactive,no
akun1241-pronounte-impersonal,akun1241-pronounte,impersonal,no
akun1241-pronounte-facilitative,akun1241-pronounte,facilitative,no
akun1241-pronounte-syncretism_pattern,akun1241-pronounte,syncretism_pattern,ANTC/REFL/RECP
akun1241-pronounte-voice_functions,akun1241-pronounte,voice_functions,3
akun1241-pronounte-source_type,akun1241-pronounte,source_type,refl
akun1241-pronounte-multiple_marking_language,akun1241-pronounte,multiple_marking_language,no
alab1254-suff-akk----synthesis,alab1254-suff-akk---,synthesis,synth
alab1254-suff-akk----strategy,alab1254-suff-akk---,strategy,suffix
alab1254-suff-akk----passive,alab1254-suff-akk---,passive,compl
alab1254-suff-akk----anticausative,alab1254-suff-akk---,anticausative,compl
alab1254-suff-akk----reflexive,alab1254-suff-akk---,reflexive,compt
alab1254-suff-akk----reciprocal,alab1254-suff-akk---,reciprocal,compl
alab1254-suff-akk----antipassive,alab1254-suff-akk---,antipassive,no
alab1254-suff-akk----selfbenefactive,alab1254-suff-akk---,selfbenefactive,mid
alab1254-suff-akk----impersonal,alab1254-suff-akk---,impersonal,no
alab1254-suff-akk----facilitative,alab1254-suff-akk---,facilitative,no
alab1254-suff-akk----syncretism_pattern,alab1254-suff-akk---,syncretism_pattern,REFL/SELF
alab1254-suff-akk----voice_functions,alab1254-suff-akk---,voice_functions,2
alab1254-suff-akk----source_type,alab1254-suff-akk---,source_type,refl
alab1254-suff-akk----multiple_marking_language,alab1254-suff-akk---,multiple_marking_language,no
amha1245-prefta--synthesis,amha1245-prefta-,synthesis,synth
amha1245-prefta--strategy,amha1245-prefta-,strategy,prefix
amha1245-prefta--passive,amha1245-prefta-,passive,mid
amha1245-prefta--anticausative,amha1245-prefta-,anticausative,mid
amha1245-prefta--reflexive,amha1245-prefta-,reflexive,compt
amha1245-prefta--reciprocal,amha1245-prefta-,reciprocal,compt
amha1245-prefta--antipassive,amha1245-prefta-,antipassive,no
amha1245-prefta--selfbenefactive,amha1245-prefta-,selfbenefactive,no
amha1245-prefta--impersonal,amha1245-prefta-,impersonal,mid
amha1245-prefta--facilitative,amha1245-prefta-,facilitative,no
amha1245-prefta--other_opp_class,amha1245-prefta-,other_opp_class,other
amha1245-prefta--syncretism_pattern,amha1245-prefta-,syncretism_pattern,PASS/ANTC/REFL/RECP/IMP
amha1245-prefta--voice_functions,amha1245-prefta-,voice_functions,5
amha1245-prefta--source_type,amha1245-prefta-,source_type,unknown
amha1245-prefta--multiple_marking_language,amha1245-prefta-,multiple_marking_language,no
guer1243-temaextendido-synthesis,guer1243-temaextendido,synthesis,synth
guer1243-temaextendido-strategy,guer1243-temaextendido,strategy,number/voice
guer1243-temaextendido-passive,guer1243-temaextendido,passive,compt
guer1243-temaextendido-anticausative,guer1243-temaextendido,anticausative,mid
guer1243-temaextendido-reflexive,guer1243-temaextendido,reflexive,mid
guer1243-temaextendido-reciprocal,guer1243-temaextendido,reciprocal,mid
guer1243-temaextendido-antipassive,guer1243-temaextendido,antipassive,mid
guer1243-temaextendido-selfbenefactive,guer1243-temaextendido,selfbenefactive,no
guer1243-temaextendido-impersonal,guer1243-temaextendido,impersonal,no
guer1243-temaextendido-facilitative,guer1243-temaextendido,facilitative,no
guer1243-temaextendido-other_opp_class,guer1243-temaextendido,other_opp_class,lowtrans
guer1243-temaextendido-syncretism_pattern,guer1243-temaextendido,syncretism_pattern,PASS/ANTC/REFL/RECP/ANTP
guer1243-temaextendido-voice_functions,guer1243-temaextendido,voice_functions,5
guer1243-temaextendido-source_type,guer1243-temaextendido,source_type,norefl
guer1243-temaextendido-source_typenonreflexive,guer1243-temaextendido,source_typenonreflexive,uncontr
guer1243-temaextendido-multiple_marking_language,guer1243-temaextendido,multiple_marking_language,no
apin1244-a-seriesprefixes-synthesis,apin1244-a-seriesprefixes,synthesis,synth
apin1244-a-seriesprefixes-strategy,apin1244-a-seriesprefixes,strategy,prefix
apin1244-a-seriesprefixes-passive,apin1244-a-seriesprefixes,passive,no
apin1244-a-seriesprefixes-anticausative,apin1244-a-seriesprefixes,anticausative,mid
apin1244-a-seriesprefixes-reflexive,apin1244-a-seriesprefixes,reflexive,compl
apin1244-a-seriesprefixes-reciprocal,apin1244-a-seriesprefixes,reciprocal,compl
apin1244-a-seriesprefixes-antipassive,apin1244-a-seriesprefixes,antipassive,mid
apin1244-a-seriesprefixes-selfbenefactive,apin1244-a-seriesprefixes,selfbenefactive,no
apin1244-a-seriesprefixes-impersonal,apin1244-a-seriesprefixes,impersonal,mid
apin1244-a-seriesprefixes-facilitative,apin1244-a-seriesprefixes,facilitative,no
apin1244-a-seriesprefixes-syncretism_pattern,apin1244-a-seriesprefixes,syncretism_pattern,ANTC/ANTP/IMP
apin1244-a-seriesprefixes-voice_functions,apin1244-a-seriesprefixes,voice_functions,3
apin1244-a-seriesprefixes-source_type,apin1244-a-seriesprefixes,source_type,unknown
apin1244-a-seriesprefixes-multiple_marking_language,apin1244-a-seriesprefixes,multiple_marking_language,no
nucl1235-suff-v--synthesis,nucl1235-suff-v-,synthesis,synth
nucl1235-suff-v--strategy,nucl1235-suff-v-,strategy,suffix
nucl1235-suff-v--passive,nucl1235-suff-v-,passive,mid
nucl1235-suff-v--anticausative,nucl1235-suff-v-,anticausative,mid
nucl1235-suff-v--reflexive,nucl1235-suff-v-,reflexive,mid
nucl1235-suff-v--reciprocal,nucl1235-suff-v-,reciprocal,mid
nucl1235-suff-v--antipassive,nucl1235-suff-v-,antipassive,no
nucl1235-suff-v--selfbenefactive,nucl1235-suff-v-,selfbenefactive,no
nucl1235-suff-v--impersonal,nucl1235-suff-v-,impersonal,no
nucl1235-suff-v--facilitative,nucl1235-suff-v-,facilitative,no
nucl1235-suff-v--syncretism_pattern,nucl1235-suff-v-,syncretism_pattern,PASS/ANTC/REFL/RECP
nucl1235-suff-v--voice_functions,nucl1235-suff-v-,voice_functions,4
nucl1235-suff-v--source_type,nucl1235-suff-v-,source_type,norefl
nucl1235-suff-v--source_typenonreflexive,nucl1235-suff-v-,source_typenonreflexive,voice
nucl1235-suff-v--multiple_marking_language,nucl1235-suff-v-,multiple_marking_language,no
sout2996-suff-si--synthesis,sout2996-suff-si-,synthesis,synth
sout2996-suff-si--strategy,sout2996-suff-si-,strategy,suffix
sout2996-suff-si--passive,sout2996-suff-si-,passive,no
sout2996-suff-si--anticausative,sout2996-suff-si-,anticausative,no
sout2996-suff-si--reflexive,sout2996-suff-si-,reflexive,mid
sout2996-suff-si--reciprocal,sout2996-suff-si-,reciprocal,mid
sout2996-suff-si--antipassive,sout2996-suff-si-,antipassive,no
sout2996-suff-si--selfbenefactive,sout2996-suff-si-,selfbenefactive,mid
sout2996-suff-si--impersonal,sout2996-suff-si-,impersonal,no
sout2996-suff-si--facilitative,sout2996-suff-si-,facilitative,no
sout2996-suff-si--other_opp_class,sout2996-suff-si-,other_opp_class,other
sout2996-suff-si--syncretism_pattern,sout2996-suff-si-,syncretism_pattern,REFL/SELF/RECP
sout2996-suff-si--voice_functions,sout2996-suff-si-,voice_functions,3
sout2996-suff-si--source_type,sout2996-suff-si-,source_type,unknown
sout2996-suff-si--multiple_marking_language,sout2996-suff-si-,multiple_marking_language,no
bali1278-prefma--synthesis,bali1278-prefma-,synthesis,synth
bali1278-prefma--strategy,bali1278-prefma-,strategy,prefix
bali1278-prefma--passive,bali1278-prefma-,passive,compl
bali1278-prefma--anticausative,bali1278-prefma-,anticausative,mid
bali1278-prefma--reflexive,bali1278-prefma-,reflexive,compt
bali1278-prefma--reciprocal,bali1278-prefma-,reciprocal,compt
bali1278-prefma--antipassive,bali1278-prefma-,antipassive,mid
bali1278-prefma--selfbenefactive,bali1278-prefma-,selfbenefactive,no
bali1278-prefma--impersonal,bali1278-prefma-,impersonal,no
bali1278-prefma--facilitative,bali1278-prefma-,facilitative,mid
bali1278-prefma--other_opp_class,bali1278-prefma-,other_opp_class,"aspect, other"
bali1278-prefma--syncretism_pattern,bali1278-prefma-,syncretism_pattern,ANTC/REFL/RECP/ANTP/FAC
bali1278-prefma--voice_functions,bali1278-prefma-,voice_functions,5
bali1278-prefma--source_type,bali1278-prefma-,source_type,norefl
bali1278-prefma--source_typenonreflexive,bali1278-prefma-,source_typenonreflexive,nom/verb
bali1278-prefma--multiple_marking_language,bali1278-prefma-,multiple_marking_language,no
bard1255-circma--inyj-synthesis,bard1255-circma--inyj,synthesis,synth
bard1255-circma--inyj-strategy,bard1255-circma--inyj,strategy,circumfix
bard1255-circma--inyj-passive,bard1255-circma--inyj,passive,no
bard1255-circma--inyj-anticausative,bard1255-circma--inyj,anticausative,no
bard1255-circma--inyj-reflexive,bard1255-circma--inyj,reflexive,mid
bard1255-circma--inyj-reciprocal,bard1255-circma--inyj,reciprocal,mid
bard1255-circma--inyj-antipassive,bard1255-circma--inyj,antipassive,no
bard1255-circma--inyj-selfbenefactive,bard1255-circma--inyj,selfbenefactive,no
bard1255-circma--inyj-impersonal,bard1255-circma--inyj,impersonal,no
bard1255-circma--inyj-facilitative,bard1255-circma--inyj,facilitative,no
bard1255-circma--inyj-syncretism_pattern,bard1255-circma--inyj,syncretism_pattern,REFL/RECP
bard1255-circma--inyj-voice_functions,bard1255-circma--inyj,voice_functions,2
bard1255-circma--inyj-source_type,bard1255-circma--inyj,source_type,norefl
bard1255-circma--inyj-source_typenonreflexive,bard1255-circma--inyj,source_typenonreflexive,uncontr
bard1255-circma--inyj-multiple_marking_language,bard1255-circma--inyj,multiple_marking_language,no
batu1258-prefr--synthesis,batu1258-prefr-,synthesis,synth
batu1258-prefr--strategy,batu1258-prefr-,strategy,prefix
batu1258-prefr--passive,batu1258-prefr-,passive,no
batu1258-prefr--anticausative,batu1258-prefr-,anticausative,no
batu1258-prefr--reflexive,batu1258-prefr-,reflexive,mid
batu1258-prefr--reciprocal,batu1258-prefr-,reciprocal,mid
batu1258-prefr--antipassive,batu1258-prefr-,antipassive,mid
batu1258-prefr--selfbenefactive,batu1258-prefr-,selfbenefactive,no
batu1258-prefr--impersonal,batu1258-prefr-,impersonal,no
batu1258-prefr--facilitative,batu1258-prefr-,facilitative,no
batu1258-prefr--syncretism_pattern,batu1258-prefr-,syncretism_pattern,REFL/RECP/ANTP
batu1258-prefr--voice_functions,batu1258-prefr-,voice_functions,3
batu1258-prefr--source_type,batu1258-prefr-,source_type,norefl
batu1258-prefr--source_typenonreflexive,batu1258-prefr-,source_typenonreflexive,plur
batu1258-prefr--multiple_marking_language,batu1258-prefr-,multiple_marking_language,no
bell1243-suff-m--synthesis,bell1243-suff-m-,synthesis,synth
bell1243-suff-m--strategy,bell1243-suff-m-,strategy,suffix
bell1243-suff-m--passive,bell1243-suff-m-,passive,compt
bell1243-suff-m--anticausative,bell1243-suff-m-,anticausative,compt
bell1243-suff-m--reflexive,bell1243-suff-m-,reflexive,compt
bell1243-suff-m--reciprocal,bell1243-suff-m-,reciprocal,compl
bell1243-suff-m--antipassive,bell1243-suff-m-,antipassive,compt
bell1243-suff-m--selfbenefactive,bell1243-suff-m-,selfbenefactive,mid
bell1243-suff-m--impersonal,bell1243-suff-m-,impersonal,no
bell1243-suff-m--facilitative,bell1243-suff-m-,facilitative,no
bell1243-suff-m--other_opp_class,bell1243-suff-m-,other_opp_class,other
bell1243-suff-m--syncretism_pattern,bell1243-suff-m-,syncretism_pattern,PASS/REFL/SELF/ANTP
bell1243-suff-m--voice_functions,bell1243-suff-m-,voice_functions,5
bell1243-suff-m--source_type,bell1243-suff-m-,source_type,refl
bell1243-suff-m--multiple_marking_language,bell1243-suff-m-,multiple_marking_language,no
bidy1244-suff-ok--synthesis,bidy1244-suff-ok-,synthesis,synth
bidy1244-suff-ok--strategy,bidy1244-suff-ok-,strategy,suffix
bidy1244-suff-ok--passive,bidy1244-suff-ok-,passive,mid
bidy1244-suff-ok--anticausative,bidy1244-suff-ok-,anticausative,mid
bidy1244-suff-ok--reflexive,bidy1244-suff-ok-,reflexive,no
bidy1244-suff-ok--reciprocal,bidy1244-suff-ok-,reciprocal,no
bidy1244-suff-ok--antipassive,bidy1244-suff-ok-,antipassive,no
bidy1244-suff-ok--selfbenefactive,bidy1244-suff-ok-,selfbenefactive,no
bidy1244-suff-ok--impersonal,bidy1244-suff-ok-,impersonal,no
bidy1244-suff-ok--facilitative,bidy1244-suff-ok-,facilitative,no
bidy1244-suff-ok--syncretism_pattern,bidy1244-suff-ok-,syncretism_pattern,PASS/ANTC
bidy1244-suff-ok--voice_functions,bidy1244-suff-ok-,voice_functions,2
bidy1244-suff-ok--source_type,bidy1244-suff-ok-,source_type,norefl
bidy1244-suff-ok--source_typenonreflexive,bidy1244-suff-ok-,source_typenonreflexive,lex
bidy1244-suff-ok--multiple_marking_language,bidy1244-suff-ok-,multiple_marking_language,yes
bidy1244-suff-ok--multiple_marking_languagecognate,bidy1244-suff-ok-,multiple_marking_languagecognate,no
bidy1244-suff-ok--multiple_marking_languagecooccurence,bidy1244-suff-ok-,multiple_marking_languagecooccurence,no
bidy1244-prefn--synthesis,bidy1244-prefn-,synthesis,synth
bidy1244-prefn--strategy,bidy1244-prefn-,strategy,prefix
bidy1244-prefn--passive,bidy1244-prefn-,passive,no
bidy1244-prefn--anticausative,bidy1244-prefn-,anticausative,mid
bidy1244-prefn--reflexive,bidy1244-prefn-,reflexive,mid
bidy1244-prefn--reciprocal,bidy1244-prefn-,reciprocal,no
bidy1244-prefn--antipassive,bidy1244-prefn-,antipassive,no
bidy1244-prefn--selfbenefactive,bidy1244-prefn-,selfbenefactive,no
bidy1244-prefn--impersonal,bidy1244-prefn-,impersonal,no
bidy1244-prefn--facilitative,bidy1244-prefn-,facilitative,no
bidy1244-prefn--syncretism_pattern,bidy1244-prefn-,syncretism_pattern,ANTC/REFL
bidy1244-prefn--voice_functions,bidy1244-prefn-,voice_functions,2
bidy1244-prefn--source_type,bidy1244-prefn-,source_type,refl
bidy1244-prefn--multiple_marking_language,bidy1244-prefn-,multiple_marking_language,yes
bidy1244-prefn--multiple_marking_languagecognate,bidy1244-prefn-,multiple_marking_languagecognate,no
bidy1244-prefn--multiple_marking_languagecooccurence,bidy1244-prefn-,multiple_marking_languagecooccurence,no
brib1243-suff-r--synthesis,brib1243-suff-r-,synthesis,synth
brib1243-suff-r--strategy,brib1243-suff-r-,strategy,suffix
brib1243-suff-r--passive,brib1243-suff-r-,passive,mid
brib1243-suff-r--anticausative,brib1243-suff-r-,anticausative,mid
brib1243-suff-r--reflexive,brib1243-suff-r-,reflexive,compl
brib1243-suff-r--reciprocal,brib1243-suff-r-,reciprocal,compl
brib1243-suff-r--antipassive,brib1243-suff-r-,antipassive,no
brib1243-suff-r--selfbenefactive,brib1243-suff-r-,selfbenefactive,no
brib1243-suff-r--impersonal,brib1243-suff-r-,impersonal,mid
brib1243-suff-r--facilitative,brib1243-suff-r-,facilitative,mid
brib1243-suff-r--syncretism_pattern,brib1243-suff-r-,syncretism_pattern,PASS/ANTC/IMP/FAC
brib1243-suff-r--voice_functions,brib1243-suff-r-,voice_functions,4
brib1243-suff-r--source_type,brib1243-suff-r-,source_type,norefl
brib1243-suff-r--source_typenonreflexive,brib1243-suff-r-,source_typenonreflexive,uncontr
brib1243-suff-r--multiple_marking_language,brib1243-suff-r-,multiple_marking_language,no
bull1246-suff-n--synthesis,bull1246-suff-n-,synthesis,synth
bull1246-suff-n--strategy,bull1246-suff-n-,strategy,suffix
bull1246-suff-n--passive,bull1246-suff-n-,passive,no
bull1246-suff-n--anticausative,bull1246-suff-n-,anticausative,mid
bull1246-suff-n--reflexive,bull1246-suff-n-,reflexive,compt
bull1246-suff-n--reciprocal,bull1246-suff-n-,reciprocal,compl
bull1246-suff-n--antipassive,bull1246-suff-n-,antipassive,no
bull1246-suff-n--selfbenefactive,bull1246-suff-n-,selfbenefactive,no
bull1246-suff-n--impersonal,bull1246-suff-n-,impersonal,no
bull1246-suff-n--facilitative,bull1246-suff-n-,facilitative,no
bull1246-suff-n--syncretism_pattern,bull1246-suff-n-,syncretism_pattern,ANTC/REFL
bull1246-suff-n--voice_functions,bull1246-suff-n-,voice_functions,2
bull1246-suff-n--source_type,bull1246-suff-n-,source_type,unknown
bull1246-suff-n--multiple_marking_language,bull1246-suff-n-,multiple_marking_language,no
gahr1239-middle---synthesis,gahr1239-middle--,synthesis,synth
gahr1239-middle---strategy,gahr1239-middle--,strategy,suffix
gahr1239-middle---passive,gahr1239-middle--,passive,mid
gahr1239-middle---anticausative,gahr1239-middle--,anticausative,mid
gahr1239-middle---reflexive,gahr1239-middle--,reflexive,mid
gahr1239-middle---reciprocal,gahr1239-middle--,reciprocal,mid
gahr1239-middle---antipassive,gahr1239-middle--,antipassive,no
gahr1239-middle---selfbenefactive,gahr1239-middle--,selfbenefactive,mid
gahr1239-middle---impersonal,gahr1239-middle--,impersonal,no
gahr1239-middle---facilitative,gahr1239-middle--,facilitative,no
gahr1239-middle---syncretism_pattern,gahr1239-middle--,syncretism_pattern,PASS/ANTC/REFL/SELF/RECP
gahr1239-middle---voice_functions,gahr1239-middle--,voice_functions,5
gahr1239-middle---source_type,gahr1239-middle--,source_type,norefl
gahr1239-middle---source_typenonreflexive,gahr1239-middle--,source_typenonreflexive,nom/verb
gahr1239-middle---multiple_marking_language,gahr1239-middle--,multiple_marking_language,yes
gahr1239-middle---multiple_marking_languagecognate,gahr1239-middle--,multiple_marking_languagecognate,yes
gahr1239-middle---multiple_marking_languagecooccurence,gahr1239-middle--,multiple_marking_languagecooccurence,yes
gahr1239-suff-s--synthesis,gahr1239-suff-s-,synthesis,synth
gahr1239-suff-s--strategy,gahr1239-suff-s-,strategy,suffix
gahr1239-suff-s--passive,gahr1239-suff-s-,passive,mid
gahr1239-suff-s--anticausative,gahr1239-suff-s-,anticausative,mid
gahr1239-suff-s--reflexive,gahr1239-suff-s-,reflexive,no
gahr1239-suff-s--reciprocal,gahr1239-suff-s-,reciprocal,mid
gahr1239-suff-s--antipassive,gahr1239-suff-s-,antipassive,no
gahr1239-suff-s--selfbenefactive,gahr1239-suff-s-,selfbenefactive,no
gahr1239-suff-s--impersonal,gahr1239-suff-s-,impersonal,no
gahr1239-suff-s--facilitative,gahr1239-suff-s-,facilitative,no
gahr1239-suff-s--other_opp_class,gahr1239-suff-s-,other_opp_class,other
gahr1239-suff-s--syncretism_pattern,gahr1239-suff-s-,syncretism_pattern,PASS/ANTC/RECP
gahr1239-suff-s--voice_functions,gahr1239-suff-s-,voice_functions,3
gahr1239-suff-s--source_type,gahr1239-suff-s-,source_type,norefl
gahr1239-suff-s--source_typenonreflexive,gahr1239-suff-s-,source_typenonreflexive,nom/verb
gahr1239-suff-s--multiple_marking_language,gahr1239-suff-s-,multiple_marking_language,yes
gahr1239-suff-s--multiple_marking_languagecognate,gahr1239-suff-s-,multiple_marking_languagecognate,yes
gahr1239-suff-s--multiple_marking_languagecooccurence,gahr1239-suff-s-,multiple_marking_languagecooccurence,yes
buru1296-prefdd--synthesis,buru1296-prefdd-,synthesis,synth
buru1296-prefdd--strategy,buru1296-prefdd-,strategy,prefix
buru1296-prefdd--passive,buru1296-prefdd-,passive,mid
buru1296-prefdd--anticausative,buru1296-prefdd-,anticausative,mid
buru1296-prefdd--reflexive,buru1296-prefdd-,reflexive,compt
buru1296-prefdd--reciprocal,buru1296-prefdd-,reciprocal,compl
buru1296-prefdd--antipassive,buru1296-prefdd-,antipassive,no
buru1296-prefdd--selfbenefactive,buru1296-prefdd-,selfbenefactive,mid
buru1296-prefdd--impersonal,buru1296-prefdd-,impersonal,no
buru1296-prefdd--facilitative,buru1296-prefdd-,facilitative,no
buru1296-prefdd--syncretism_pattern,buru1296-prefdd-,syncretism_pattern,ANTC/REFL/SELF
buru1296-prefdd--voice_functions,buru1296-prefdd-,voice_functions,3
buru1296-prefdd--source_type,buru1296-prefdd-,source_type,norefl
buru1296-prefdd--source_typenonreflexive,buru1296-prefdd-,source_typenonreflexive,lex
buru1296-prefdd--multiple_marking_language,buru1296-prefdd-,multiple_marking_language,no
bwat1240-prefve--synthesis,bwat1240-prefve-,synthesis,synth
bwat1240-prefve--strategy,bwat1240-prefve-,strategy,prefix
bwat1240-prefve--passive,bwat1240-prefve-,passive,no
bwat1240-prefve--anticausative,bwat1240-prefve-,anticausative,mid
bwat1240-prefve--reflexive,bwat1240-prefve-,reflexive,mid
bwat1240-prefve--reciprocal,bwat1240-prefve-,reciprocal,mid
bwat1240-prefve--antipassive,bwat1240-prefve-,antipassive,no
bwat1240-prefve--selfbenefactive,bwat1240-prefve-,selfbenefactive,no
bwat1240-prefve--impersonal,bwat1240-prefve-,impersonal,no
bwat1240-prefve--facilitative,bwat1240-prefve-,facilitative,no
bwat1240-prefve--other_opp_class,bwat1240-prefve-,other_opp_class,"aspect, lowtrans, other"
bwat1240-prefve--syncretism_pattern,bwat1240-prefve-,syncretism_pattern,ANTC/REFL/RECP
bwat1240-prefve--voice_functions,bwat1240-prefve-,voice_functions,3
bwat1240-prefve--source_type,bwat1240-prefve-,source_type,norefl
bwat1240-prefve--source_typenonreflexive,bwat1240-prefve-,source_typenonreflexive,plur
bwat1240-prefve--multiple_marking_language,bwat1240-prefve-,multiple_marking_language,no
cadd1256-suff-u-synthesis,cadd1256-suff-u,synthesis,synth
cadd1256-suff-u-strategy,cadd1256-suff-u,strategy,suffix
cadd1256-suff-u-passive,cadd1256-suff-u,passive,no
cadd1256-suff-u-anticausative,cadd1256-suff-u,anticausative,mid
cadd1256-suff-u-reflexive,cadd1256-suff-u,reflexive,mid
cadd1256-suff-u-reciprocal,cadd1256-suff-u,reciprocal,mid
cadd1256-suff-u-antipassive,cadd1256-suff-u,antipassive,no
cadd1256-suff-u-selfbenefactive,cadd1256-suff-u,selfbenefactive,no
cadd1256-suff-u-impersonal,cadd1256-suff-u,impersonal,no
cadd1256-suff-u-facilitative,cadd1256-suff-u,facilitative,no
cadd1256-suff-u-other_opp_class,cadd1256-suff-u,other_opp_class,lowtrans
cadd1256-suff-u-syncretism_pattern,cadd1256-suff-u,syncretism_pattern,ANTC/REFL/RECP
cadd1256-suff-u-voice_functions,cadd1256-suff-u,voice_functions,3
cadd1256-suff-u-source_type,cadd1256-suff-u,source_type,unknown
cadd1256-suff-u-multiple_marking_language,cadd1256-suff-u,multiple_marking_language,no
cavi1250-circka--ti-synthesis,cavi1250-circka--ti,synthesis,synth
cavi1250-circka--ti-strategy,cavi1250-circka--ti,strategy,circumfix
cavi1250-circka--ti-passive,cavi1250-circka--ti,passive,no
cavi1250-circka--ti-anticausative,cavi1250-circka--ti,anticausative,no
cavi1250-circka--ti-reflexive,cavi1250-circka--ti,reflexive,mid
cavi1250-circka--ti-reciprocal,cavi1250-circka--ti,reciprocal,mid
cavi1250-circka--ti-antipassive,cavi1250-circka--ti,antipassive,mid
cavi1250-circka--ti-selfbenefactive,cavi1250-circka--ti,selfbenefactive,mid
cavi1250-circka--ti-impersonal,cavi1250-circka--ti,impersonal,no
cavi1250-circka--ti-facilitative,cavi1250-circka--ti,facilitative,no
cavi1250-circka--ti-syncretism_pattern,cavi1250-circka--ti,syncretism_pattern,REFL/SELF/RECP/ANTP
cavi1250-circka--ti-voice_functions,cavi1250-circka--ti,voice_functions,4
cavi1250-circka--ti-source_type,cavi1250-circka--ti,source_type,unknown
cavi1250-circka--ti-multiple_marking_language,cavi1250-circka--ti,multiple_marking_language,yes
cavi1250-circka--ti-multiple_marking_languagecognate,cavi1250-circka--ti,multiple_marking_languagecognate,no
cavi1250-circka--ti-multiple_marking_languagecooccurence,cavi1250-circka--ti,multiple_marking_languagecooccurence,no
cavi1250-suff-tana-synthesis,cavi1250-suff-tana,synthesis,synth
cavi1250-suff-tana-strategy,cavi1250-suff-tana,strategy,suffix
cavi1250-suff-tana-passive,cavi1250-suff-tana,passive,mid
cavi1250-suff-tana-anticausative,cavi1250-suff-tana,anticausative,mid
cavi1250-suff-tana-reflexive,cavi1250-suff-tana,reflexive,no
cavi1250-suff-tana-reciprocal,cavi1250-suff-tana,reciprocal,no
cavi1250-suff-tana-antipassive,cavi1250-suff-tana,antipassive,mid
cavi1250-suff-tana-selfbenefactive,cavi1250-suff-tana,selfbenefactive,no
cavi1250-suff-tana-impersonal,cavi1250-suff-tana,impersonal,no
cavi1250-suff-tana-facilitative,cavi1250-suff-tana,facilitative,no
cavi1250-suff-tana-syncretism_pattern,cavi1250-suff-tana,syncretism_pattern,PASS/ANTC/ANTP
cavi1250-suff-tana-voice_functions,cavi1250-suff-tana,voice_functions,3
cavi1250-suff-tana-source_type,cavi1250-suff-tana,source_type,refl
cavi1250-suff-tana-multiple_marking_language,cavi1250-suff-tana,multiple_marking_language,yes
cavi1250-suff-tana-multiple_marking_languagecognate,cavi1250-suff-tana,multiple_marking_languagecognate,no
cavi1250-suff-tana-multiple_marking_languagecooccurence,cavi1250-suff-tana,multiple_marking_languagecooccurence,no
chit1248-preverbaps-synthesis,chit1248-preverbaps,synthesis,analytic
chit1248-preverbaps-strategy,chit1248-preverbaps,strategy,preverb
chit1248-preverbaps-passive,chit1248-preverbaps,passive,no
chit1248-preverbaps-anticausative,chit1248-preverbaps,anticausative,mid
chit1248-preverbaps-reflexive,chit1248-preverbaps,reflexive,mid
chit1248-preverbaps-reciprocal,chit1248-preverbaps,reciprocal,mid
chit1248-preverbaps-antipassive,chit1248-preverbaps,antipassive,mid
chit1248-preverbaps-selfbenefactive,chit1248-preverbaps,selfbenefactive,no
chit1248-preverbaps-impersonal,chit1248-preverbaps,impersonal,no
chit1248-preverbaps-facilitative,chit1248-preverbaps,facilitative,no
chit1248-preverbaps-other_opp_class,chit1248-preverbaps,other_opp_class,other
chit1248-preverbaps-syncretism_pattern,chit1248-preverbaps,syncretism_pattern,ANTC/REFL/RECP/ANTP
chit1248-preverbaps-voice_functions,chit1248-preverbaps,voice_functions,4
chit1248-preverbaps-source_type,chit1248-preverbaps,source_type,norefl
chit1248-preverbaps-source_typenonreflexive,chit1248-preverbaps,source_typenonreflexive,lex
chit1248-preverbaps-multiple_marking_language,chit1248-preverbaps,multiple_marking_language,no
chuw1238-suff-uw--synthesis,chuw1238-suff-uw-,synthesis,synth
chuw1238-suff-uw--strategy,chuw1238-suff-uw-,strategy,suffix
chuw1238-suff-uw--passive,chuw1238-suff-uw-,passive,compt
chuw1238-suff-uw--anticausative,chuw1238-suff-uw-,anticausative,mid
chuw1238-suff-uw--reflexive,chuw1238-suff-uw-,reflexive,compl
chuw1238-suff-uw--reciprocal,chuw1238-suff-uw-,reciprocal,compl
chuw1238-suff-uw--antipassive,chuw1238-suff-uw-,antipassive,no
chuw1238-suff-uw--selfbenefactive,chuw1238-suff-uw-,selfbenefactive,no
chuw1238-suff-uw--impersonal,chuw1238-suff-uw-,impersonal,no
chuw1238-suff-uw--facilitative,chuw1238-suff-uw-,facilitative,no
chuw1238-suff-uw--syncretism_pattern,chuw1238-suff-uw-,syncretism_pattern,PASS/ANTC
chuw1238-suff-uw--voice_functions,chuw1238-suff-uw-,voice_functions,2
chuw1238-suff-uw--source_type,chuw1238-suff-uw-,source_type,norefl
chuw1238-suff-uw--source_typenonreflexive,chuw1238-suff-uw-,source_typenonreflexive,lex
chuw1238-suff-uw--multiple_marking_language,chuw1238-suff-uw-,multiple_marking_language,no
colu1241-suff-m--synthesis,colu1241-suff-m-,synthesis,synth
colu1241-suff-m--strategy,colu1241-suff-m-,strategy,suffix
colu1241-suff-m--passive,colu1241-suff-m-,passive,mid
colu1241-suff-m--anticausative,colu1241-suff-m-,anticausative,no
colu1241-suff-m--reflexive,colu1241-suff-m-,reflexive,compt
colu1241-suff-m--reciprocal,colu1241-suff-m-,reciprocal,compl
colu1241-suff-m--antipassive,colu1241-suff-m-,antipassive,mid
colu1241-suff-m--selfbenefactive,colu1241-suff-m-,selfbenefactive,no
colu1241-suff-m--impersonal,colu1241-suff-m-,impersonal,no
colu1241-suff-m--facilitative,colu1241-suff-m-,facilitative,no
colu1241-suff-m--syncretism_pattern,colu1241-suff-m-,syncretism_pattern,PASS/REFL/ANTP
colu1241-suff-m--voice_functions,colu1241-suff-m-,voice_functions,3
colu1241-suff-m--source_type,colu1241-suff-m-,source_type,refl
colu1241-suff-m--multiple_marking_language,colu1241-suff-m-,multiple_marking_language,no
daai1236-prefng--synthesis,daai1236-prefng-,synthesis,synth
daai1236-prefng--strategy,daai1236-prefng-,strategy,prefix
daai1236-prefng--passive,daai1236-prefng-,passive,mid
daai1236-prefng--anticausative,daai1236-prefng-,anticausative,no
daai1236-prefng--reflexive,daai1236-prefng-,reflexive,compt
daai1236-prefng--reciprocal,daai1236-prefng-,reciprocal,mid
daai1236-prefng--antipassive,daai1236-prefng-,antipassive,no
daai1236-prefng--selfbenefactive,daai1236-prefng-,selfbenefactive,no
daai1236-prefng--impersonal,daai1236-prefng-,impersonal,no
daai1236-prefng--facilitative,daai1236-prefng-,facilitative,no
daai1236-prefng--other_opp_class,daai1236-prefng-,other_opp_class,aspect
daai1236-prefng--syncretism_pattern,daai1236-prefng-,syncretism_pattern,PASS/REFL/RECP
daai1236-prefng--voice_functions,daai1236-prefng-,voice_functions,3
daai1236-prefng--source_type,daai1236-prefng-,source_type,norefl
daai1236-prefng--source_typenonreflexive,daai1236-prefng-,source_typenonreflexive,nom/verb
daai1236-prefng--multiple_marking_language,daai1236-prefng-,multiple_marking_language,no
daas1238-suff-s--synthesis,daas1238-suff-s-,synthesis,synth
daas1238-suff-s--strategy,daas1238-suff-s-,strategy,suffix
daas1238-suff-s--passive,daas1238-suff-s-,passive,no
daas1238-suff-s--anticausative,daas1238-suff-s-,anticausative,mid
daas1238-suff-s--reflexive,daas1238-suff-s-,reflexive,compl
daas1238-suff-s--reciprocal,daas1238-suff-s-,reciprocal,mid
daas1238-suff-s--antipassive,daas1238-suff-s-,antipassive,no
daas1238-suff-s--selfbenefactive,daas1238-suff-s-,selfbenefactive,mid
daas1238-suff-s--impersonal,daas1238-suff-s-,impersonal,no
daas1238-suff-s--facilitative,daas1238-suff-s-,facilitative,no
daas1238-suff-s--syncretism_pattern,daas1238-suff-s-,syncretism_pattern,ANTC/SELF/RECP
daas1238-suff-s--voice_functions,daas1238-suff-s-,voice_functions,3
daas1238-suff-s--source_type,daas1238-suff-s-,source_type,refl
daas1238-suff-s--multiple_marking_language,daas1238-suff-s-,multiple_marking_language,no
daga1275-intensivesuffixes-synthesis,daga1275-intensivesuffixes,synthesis,synth
daga1275-intensivesuffixes-strategy,daga1275-intensivesuffixes,strategy,person index
daga1275-intensivesuffixes-passive,daga1275-intensivesuffixes,passive,no
daga1275-intensivesuffixes-anticausative,daga1275-intensivesuffixes,anticausative,no
daga1275-intensivesuffixes-reflexive,daga1275-intensivesuffixes,reflexive,compt
daga1275-intensivesuffixes-reciprocal,daga1275-intensivesuffixes,reciprocal,mid
daga1275-intensivesuffixes-antipassive,daga1275-intensivesuffixes,antipassive,no
daga1275-intensivesuffixes-selfbenefactive,daga1275-intensivesuffixes,selfbenefactive,mid
daga1275-intensivesuffixes-impersonal,daga1275-intensivesuffixes,impersonal,no
daga1275-intensivesuffixes-facilitative,daga1275-intensivesuffixes,facilitative,no
daga1275-intensivesuffixes-syncretism_pattern,daga1275-intensivesuffixes,syncretism_pattern,REFL/SELF/RECP
daga1275-intensivesuffixes-voice_functions,daga1275-intensivesuffixes,voice_functions,3
daga1275-intensivesuffixes-source_type,daga1275-intensivesuffixes,source_type,refl
daga1275-intensivesuffixes-multiple_marking_language,daga1275-intensivesuffixes,multiple_marking_language,no
dulo1243-suff--synthesis,dulo1243-suff-,synthesis,synth
dulo1243-suff--strategy,dulo1243-suff-,strategy,suffix
dulo1243-suff--passive,dulo1243-suff-,passive,mid
dulo1243-suff--anticausative,dulo1243-suff-,anticausative,compl
dulo1243-suff--reflexive,dulo1243-suff-,reflexive,mid
dulo1243-suff--reciprocal,dulo1243-suff-,reciprocal,compl
dulo1243-suff--antipassive,dulo1243-suff-,antipassive,no
dulo1243-suff--selfbenefactive,dulo1243-suff-,selfbenefactive,mid
dulo1243-suff--impersonal,dulo1243-suff-,impersonal,no
dulo1243-suff--facilitative,dulo1243-suff-,facilitative,no
dulo1243-suff--other_opp_class,dulo1243-suff-,other_opp_class,aspect
dulo1243-suff--syncretism_pattern,dulo1243-suff-,syncretism_pattern,PASS/REFL/SELF
dulo1243-suff--voice_functions,dulo1243-suff-,voice_functions,3
dulo1243-suff--source_type,dulo1243-suff-,source_type,norefl
dulo1243-suff--source_typenonreflexive,dulo1243-suff-,source_typenonreflexive,nom/verb
dulo1243-suff--multiple_marking_language,dulo1243-suff-,multiple_marking_language,no
eton1256-suff-ba--synthesis,eton1256-suff-ba-,synthesis,synth
eton1256-suff-ba--strategy,eton1256-suff-ba-,strategy,suffix
eton1256-suff-ba--passive,eton1256-suff-ba-,passive,no
eton1256-suff-ba--anticausative,eton1256-suff-ba-,anticausative,compt
eton1256-suff-ba--reflexive,eton1256-suff-ba-,reflexive,compl
eton1256-suff-ba--reciprocal,eton1256-suff-ba-,reciprocal,compl
eton1256-suff-ba--antipassive,eton1256-suff-ba-,antipassive,no
eton1256-suff-ba--selfbenefactive,eton1256-suff-ba-,selfbenefactive,no
eton1256-suff-ba--impersonal,eton1256-suff-ba-,impersonal,no
eton1256-suff-ba--facilitative,eton1256-suff-ba-,facilitative,no
eton1256-suff-ba--other_opp_class,eton1256-suff-ba-,other_opp_class,aspect
eton1256-suff-ba--syncretism_pattern,eton1256-suff-ba-,syncretism_pattern,ANTC
eton1256-suff-ba--voice_functions,eton1256-suff-ba-,voice_functions,1
eton1256-suff-ba--source_type,eton1256-suff-ba-,source_type,norefl
eton1256-suff-ba--source_typenonreflexive,eton1256-suff-ba-,source_typenonreflexive,uncontr
eton1256-suff-ba--multiple_marking_language,eton1256-suff-ba-,multiple_marking_language,no
fass1245-suff-ni-nu-synthesis,fass1245-suff-ni-nu,synthesis,synth
fass1245-suff-ni-nu-strategy,fass1245-suff-ni-nu,strategy,suffix
fass1245-suff-ni-nu-passive,fass1245-suff-ni-nu,passive,mid
fass1245-suff-ni-nu-anticausative,fass1245-suff-ni-nu,anticausative,mid
fass1245-suff-ni-nu-reflexive,fass1245-suff-ni-nu,reflexive,compl
fass1245-suff-ni-nu-reciprocal,fass1245-suff-ni-nu,reciprocal,compl
fass1245-suff-ni-nu-antipassive,fass1245-suff-ni-nu,antipassive,mid
fass1245-suff-ni-nu-selfbenefactive,fass1245-suff-ni-nu,selfbenefactive,no
fass1245-suff-ni-nu-impersonal,fass1245-suff-ni-nu,impersonal,no
fass1245-suff-ni-nu-facilitative,fass1245-suff-ni-nu,facilitative,no
fass1245-suff-ni-nu-syncretism_pattern,fass1245-suff-ni-nu,syncretism_pattern,PASS/ANTC/ANTP
fass1245-suff-ni-nu-voice_functions,fass1245-suff-ni-nu,voice_functions,3
fass1245-suff-ni-nu-source_type,fass1245-suff-ni-nu,source_type,unknown
fass1245-suff-ni-nu-multiple_marking_language,fass1245-suff-ni-nu,multiple_marking_language,no
nort2626-reflexivepronoun-synthesis,nort2626-reflexivepronoun,synthesis,analytic
nort2626-reflexivepronoun-strategy,nort2626-reflexivepronoun,strategy,object pronouns
nort2626-reflexivepronoun-passive,nort2626-reflexivepronoun,passive,no
nort2626-reflexivepronoun-anticausative,nort2626-reflexivepronoun,anticausative,no
nort2626-reflexivepronoun-reflexive,nort2626-reflexivepronoun,reflexive,mid
nort2626-reflexivepronoun-reciprocal,nort2626-reflexivepronoun,reciprocal,mid
nort2626-reflexivepronoun-antipassive,nort2626-reflexivepronoun,antipassive,no
nort2626-reflexivepronoun-selfbenefactive,nort2626-reflexivepronoun,selfbenefactive,mid
nort2626-reflexivepronoun-impersonal,nort2626-reflexivepronoun,impersonal,no
nort2626-reflexivepronoun-facilitative,nort2626-reflexivepronoun,facilitative,no
nort2626-reflexivepronoun-syncretism_pattern,nort2626-reflexivepronoun,syncretism_pattern,REFL/SELF/RECP
nort2626-reflexivepronoun-voice_functions,nort2626-reflexivepronoun,voice_functions,3
nort2626-reflexivepronoun-source_type,nort2626-reflexivepronoun,source_type,refl
nort2626-reflexivepronoun-multiple_marking_language,nort2626-reflexivepronoun,multiple_marking_language,no
fwee1238-suff-uk--synthesis,fwee1238-suff-uk-,synthesis,synth
fwee1238-suff-uk--strategy,fwee1238-suff-uk-,strategy,suffix
fwee1238-suff-uk--passive,fwee1238-suff-uk-,passive,compt
fwee1238-suff-uk--anticausative,fwee1238-suff-uk-,anticausative,compt
fwee1238-suff-uk--reflexive,fwee1238-suff-uk-,reflexive,compl
fwee1238-suff-uk--reciprocal,fwee1238-suff-uk-,reciprocal,compl
fwee1238-suff-uk--antipassive,fwee1238-suff-uk-,antipassive,no
fwee1238-suff-uk--selfbenefactive,fwee1238-suff-uk-,selfbenefactive,no
fwee1238-suff-uk--impersonal,fwee1238-suff-uk-,impersonal,no
fwee1238-suff-uk--facilitative,fwee1238-suff-uk-,facilitative,mid
fwee1238-suff-uk--other_opp_class,fwee1238-suff-uk-,other_opp_class,other
fwee1238-suff-uk--syncretism_pattern,fwee1238-suff-uk-,syncretism_pattern,PASS/ANTC/FAC
fwee1238-suff-uk--voice_functions,fwee1238-suff-uk-,voice_functions,3
fwee1238-suff-uk--source_type,fwee1238-suff-uk-,source_type,norefl
fwee1238-suff-uk--source_typenonreflexive,fwee1238-suff-uk-,source_typenonreflexive,lex
fwee1238-suff-uk--multiple_marking_language,fwee1238-suff-uk-,multiple_marking_language,no
gara1269-reflexivepronouns-synthesis,gara1269-reflexivepronouns,synthesis,analytic
gara1269-reflexivepronouns-strategy,gara1269-reflexivepronouns,strategy,reflexive pronouns
gara1269-reflexivepronouns-passive,gara1269-reflexivepronouns,passive,no
gara1269-reflexivepronouns-anticausative,gara1269-reflexivepronouns,anticausative,no
gara1269-reflexivepronouns-reflexive,gara1269-reflexivepronouns,reflexive,mid
gara1269-reflexivepronouns-reciprocal,gara1269-reflexivepronouns,reciprocal,mid
gara1269-reflexivepronouns-antipassive,gara1269-reflexivepronouns,antipassive,no
gara1269-reflexivepronouns-selfbenefactive,gara1269-reflexivepronouns,selfbenefactive,no
gara1269-reflexivepronouns-impersonal,gara1269-reflexivepronouns,impersonal,no
gara1269-reflexivepronouns-facilitative,gara1269-reflexivepronouns,facilitative,no
gara1269-reflexivepronouns-other_opp_class,gara1269-reflexivepronouns,other_opp_class,other
gara1269-reflexivepronouns-syncretism_pattern,gara1269-reflexivepronouns,syncretism_pattern,REFL/RECP
gara1269-reflexivepronouns-voice_functions,gara1269-reflexivepronouns,voice_functions,2
gara1269-reflexivepronouns-source_type,gara1269-reflexivepronouns,source_type,norefl
gara1269-reflexivepronouns-source_typenonreflexive,gara1269-reflexivepronouns,source_typenonreflexive,uncontr
gara1269-reflexivepronouns-multiple_marking_language,gara1269-reflexivepronouns,multiple_marking_language,no
stan1295-reflexivepronouns-synthesis,stan1295-reflexivepronouns,synthesis,analytic
stan1295-reflexivepronouns-strategy,stan1295-reflexivepronouns,strategy,clitic pronoun
stan1295-reflexivepronouns-passive,stan1295-reflexivepronouns,passive,compl
stan1295-reflexivepronouns-anticausative,stan1295-reflexivepronouns,anticausative,mid
stan1295-reflexivepronouns-reflexive,stan1295-reflexivepronouns,reflexive,mid
stan1295-reflexivepronouns-reciprocal,stan1295-reflexivepronouns,reciprocal,mid
stan1295-reflexivepronouns-antipassive,stan1295-reflexivepronouns,antipassive,no
stan1295-reflexivepronouns-selfbenefactive,stan1295-reflexivepronouns,selfbenefactive,mid
stan1295-reflexivepronouns-impersonal,stan1295-reflexivepronouns,impersonal,mid
stan1295-reflexivepronouns-facilitative,stan1295-reflexivepronouns,facilitative,mid
stan1295-reflexivepronouns-syncretism_pattern,stan1295-reflexivepronouns,syncretism_pattern,ANTC/REFL/SELF/RECP/IMP/FAC
stan1295-reflexivepronouns-voice_functions,stan1295-reflexivepronouns,voice_functions,6
stan1295-reflexivepronouns-source_type,stan1295-reflexivepronouns,source_type,refl
stan1295-reflexivepronouns-multiple_marking_language,stan1295-reflexivepronouns,multiple_marking_language,no
mode1248-middleinflection-synthesis,mode1248-middleinflection,synthesis,synth
mode1248-middleinflection-strategy,mode1248-middleinflection,strategy,TAM/voice/person endings
mode1248-middleinflection-passive,mode1248-middleinflection,passive,mid
mode1248-middleinflection-anticausative,mode1248-middleinflection,anticausative,mid
mode1248-middleinflection-reflexive,mode1248-middleinflection,reflexive,compt
mode1248-middleinflection-reciprocal,mode1248-middleinflection,reciprocal,mid
mode1248-middleinflection-antipassive,mode1248-middleinflection,antipassive,no
mode1248-middleinflection-selfbenefactive,mode1248-middleinflection,selfbenefactive,mid
mode1248-middleinflection-impersonal,mode1248-middleinflection,impersonal,no
mode1248-middleinflection-facilitative,mode1248-middleinflection,facilitative,mid
mode1248-middleinflection-syncretism_pattern,mode1248-middleinflection,syncretism_pattern,PASS/ANTC/REFL/SELF/RECP/FAC
mode1248-middleinflection-voice_functions,mode1248-middleinflection,voice_functions,6
mode1248-middleinflection-source_type,mode1248-middleinflection,source_type,norefl
mode1248-middleinflection-source_typenonreflexive,mode1248-middleinflection,source_typenonreflexive,uncontr
mode1248-middleinflection-multiple_marking_language,mode1248-middleinflection,multiple_marking_language,no
guah1255-prefna--synthesis,guah1255-prefna-,synthesis,synth
guah1255-prefna--strategy,guah1255-prefna-,strategy,prefix
guah1255-prefna--passive,guah1255-prefna-,passive,no
guah1255-prefna--anticausative,guah1255-prefna-,anticausative,mid
guah1255-prefna--reflexive,guah1255-prefna-,reflexive,mid
guah1255-prefna--reciprocal,guah1255-prefna-,reciprocal,mid
guah1255-prefna--antipassive,guah1255-prefna-,antipassive,mid
guah1255-prefna--selfbenefactive,guah1255-prefna-,selfbenefactive,no
guah1255-prefna--impersonal,guah1255-prefna-,impersonal,no
guah1255-prefna--facilitative,guah1255-prefna-,facilitative,no
guah1255-prefna--syncretism_pattern,guah1255-prefna-,syncretism_pattern,ANTC/REFL/RECP/ANTP
guah1255-prefna--voice_functions,guah1255-prefna-,voice_functions,4
guah1255-prefna--source_type,guah1255-prefna-,source_type,unknown
guah1255-prefna--multiple_marking_language,guah1255-prefna-,multiple_marking_language,no
halk1245-suff-m-synthesis,halk1245-suff-m,synthesis,synth
halk1245-suff-m-strategy,halk1245-suff-m,strategy,suffix
halk1245-suff-m-passive,halk1245-suff-m,passive,mid
halk1245-suff-m-anticausative,halk1245-suff-m,anticausative,no
halk1245-suff-m-reflexive,halk1245-suff-m,reflexive,compt
halk1245-suff-m-reciprocal,halk1245-suff-m,reciprocal,compl
halk1245-suff-m-antipassive,halk1245-suff-m,antipassive,mid
halk1245-suff-m-selfbenefactive,halk1245-suff-m,selfbenefactive,mid
halk1245-suff-m-impersonal,halk1245-suff-m,impersonal,no
halk1245-suff-m-facilitative,halk1245-suff-m,facilitative,no
halk1245-suff-m-other_opp_class,halk1245-suff-m,other_opp_class,aspect
halk1245-suff-m-syncretism_pattern,halk1245-suff-m,syncretism_pattern,PASS/REFL/SELF/ANTP
halk1245-suff-m-voice_functions,halk1245-suff-m,voice_functions,4
halk1245-suff-m-source_type,halk1245-suff-m,source_type,refl
halk1245-suff-m-multiple_marking_language,halk1245-suff-m,multiple_marking_language,no
hame1242-suff-a--synthesis,hame1242-suff-a-,synthesis,synth
hame1242-suff-a--strategy,hame1242-suff-a-,strategy,suffix
hame1242-suff-a--passive,hame1242-suff-a-,passive,mid
hame1242-suff-a--anticausative,hame1242-suff-a-,anticausative,mid
hame1242-suff-a--reflexive,hame1242-suff-a-,reflexive,no
hame1242-suff-a--reciprocal,hame1242-suff-a-,reciprocal,no
hame1242-suff-a--antipassive,hame1242-suff-a-,antipassive,no
hame1242-suff-a--selfbenefactive,hame1242-suff-a-,selfbenefactive,no
hame1242-suff-a--impersonal,hame1242-suff-a-,impersonal,no
hame1242-suff-a--facilitative,hame1242-suff-a-,facilitative,no
hame1242-suff-a--other_opp_class,hame1242-suff-a-,other_opp_class,aspect
hame1242-suff-a--syncretism_pattern,hame1242-suff-a-,syncretism_pattern,PASS/ANTC
hame1242-suff-a--voice_functions,hame1242-suff-a-,voice_functions,2
hame1242-suff-a--source_type,hame1242-suff-a-,source_type,unknown
hame1242-suff-a--multiple_marking_language,hame1242-suff-a-,multiple_marking_language,yes
hame1242-suff-a--multiple_marking_languagecognate,hame1242-suff-a-,multiple_marking_languagecognate,no
hame1242-suff-a--multiple_marking_languagecooccurence,hame1242-suff-a-,multiple_marking_languagecooccurence,yes
hame1242-suff-vm--synthesis,hame1242-suff-vm-,synthesis,synth
hame1242-suff-vm--strategy,hame1242-suff-vm-,strategy,suffix
hame1242-suff-vm--passive,hame1242-suff-vm-,passive,mid
hame1242-suff-vm--anticausative,hame1242-suff-vm-,anticausative,mid
hame1242-suff-vm--reflexive,hame1242-suff-vm-,reflexive,no
hame1242-suff-vm--reciprocal,hame1242-suff-vm-,reciprocal,mid
hame1242-suff-vm--antipassive,hame1242-suff-vm-,antipassive,no
hame1242-suff-vm--selfbenefactive,hame1242-suff-vm-,selfbenefactive,no
hame1242-suff-vm--impersonal,hame1242-suff-vm-,impersonal,no
hame1242-suff-vm--facilitative,hame1242-suff-vm-,facilitative,mid
hame1242-suff-vm--other_opp_class,hame1242-suff-vm-,other_opp_class,aspect
hame1242-suff-vm--syncretism_pattern,hame1242-suff-vm-,syncretism_pattern,PASS/ANTC/RECP/FAC
hame1242-suff-vm--voice_functions,hame1242-suff-vm-,voice_functions,4
hame1242-suff-vm--source_type,hame1242-suff-vm-,source_type,unknown
hame1242-suff-vm--multiple_marking_language,hame1242-suff-vm-,multiple_marking_language,yes
hame1242-suff-vm--multiple_marking_languagecognate,hame1242-suff-vm-,multiple_marking_languagecognate,no
hame1242-suff-vm--multiple_marking_languagecooccurence,hame1242-suff-vm-,multiple_marking_languagecooccurence,yes
haus1257-grade7-synthesis,haus1257-grade7,synthesis,synth
haus1257-grade7-strategy,haus1257-grade7,strategy,suffix
haus1257-grade7-passive,haus1257-grade7,passive,mid
haus1257-grade7-anticausative,haus1257-grade7,anticausative,compt
haus1257-grade7-reflexive,haus1257-grade7,reflexive,compl
haus1257-grade7-reciprocal,haus1257-grade7,reciprocal,compl
haus1257-grade7-antipassive,haus1257-grade7,antipassive,no
haus1257-grade7-selfbenefactive,haus1257-grade7,selfbenefactive,no
haus1257-grade7-impersonal,haus1257-grade7,impersonal,no
haus1257-grade7-facilitative,haus1257-grade7,facilitative,mid
haus1257-grade7-other_opp_class,haus1257-grade7,other_opp_class,other
haus1257-grade7-syncretism_pattern,haus1257-grade7,syncretism_pattern,PASS/ANTC
haus1257-grade7-voice_functions,haus1257-grade7,voice_functions,2
haus1257-grade7-source_type,haus1257-grade7,source_type,norefl
haus1257-grade7-source_typenonreflexive,haus1257-grade7,source_typenonreflexive,aspect
haus1257-grade7-multiple_marking_language,haus1257-grade7,multiple_marking_language,no
bibl1238-n-stem-synthesis,bibl1238-n-stem,synthesis,synth
bibl1238-n-stem-strategy,bibl1238-n-stem,strategy,prefix+vowel template
bibl1238-n-stem-passive,bibl1238-n-stem,passive,mid
bibl1238-n-stem-anticausative,bibl1238-n-stem,anticausative,no
bibl1238-n-stem-reflexive,bibl1238-n-stem,reflexive,mid
bibl1238-n-stem-reciprocal,bibl1238-n-stem,reciprocal,mid
bibl1238-n-stem-antipassive,bibl1238-n-stem,antipassive,no
bibl1238-n-stem-selfbenefactive,bibl1238-n-stem,selfbenefactive,mid
bibl1238-n-stem-impersonal,bibl1238-n-stem,impersonal,no
bibl1238-n-stem-facilitative,bibl1238-n-stem,facilitative,no
bibl1238-n-stem-other_opp_class,bibl1238-n-stem,other_opp_class,other
bibl1238-n-stem-syncretism_pattern,bibl1238-n-stem,syncretism_pattern,PASS/REFL/SELF/RECP
bibl1238-n-stem-voice_functions,bibl1238-n-stem,voice_functions,4
bibl1238-n-stem-source_type,bibl1238-n-stem,source_type,norefl
bibl1238-n-stem-source_typenonreflexive,bibl1238-n-stem,source_typenonreflexive,lex
bibl1238-n-stem-multiple_marking_language,bibl1238-n-stem,multiple_marking_language,yes
bibl1238-n-stem-multiple_marking_languagecognate,bibl1238-n-stem,multiple_marking_languagecognate,no
bibl1238-n-stem-multiple_marking_languagecooccurence,bibl1238-n-stem,multiple_marking_languagecooccurence,no
bibl1238-t-stem-synthesis,bibl1238-t-stem,synthesis,synth
bibl1238-t-stem-strategy,bibl1238-t-stem,strategy,prefix+vowel template
bibl1238-t-stem-passive,bibl1238-t-stem,passive,mid
bibl1238-t-stem-anticausative,bibl1238-t-stem,anticausative,mid
bibl1238-t-stem-reflexive,bibl1238-t-stem,reflexive,mid
bibl1238-t-stem-reciprocal,bibl1238-t-stem,reciprocal,mid
bibl1238-t-stem-antipassive,bibl1238-t-stem,antipassive,no
bibl1238-t-stem-selfbenefactive,bibl1238-t-stem,selfbenefactive,mid
bibl1238-t-stem-impersonal,bibl1238-t-stem,impersonal,no
bibl1238-t-stem-facilitative,bibl1238-t-stem,facilitative,mid
bibl1238-t-stem-other_opp_class,bibl1238-t-stem,other_opp_class,"aspect, other"
bibl1238-t-stem-syncretism_pattern,bibl1238-t-stem,syncretism_pattern,PASS/ANTC/REFL/SELF/RECP/FAC
bibl1238-t-stem-voice_functions,bibl1238-t-stem,voice_functions,6
bibl1238-t-stem-source_type,bibl1238-t-stem,source_type,unknown
bibl1238-t-stem-multiple_marking_language,bibl1238-t-stem,multiple_marking_language,yes
bibl1238-t-stem-multiple_marking_languagecognate,bibl1238-t-stem,multiple_marking_languagecognate,no
bibl1238-t-stem-multiple_marking_languagecooccurence,bibl1238-t-stem,multiple_marking_languagecooccurence,no
hida1246-middleinflection-synthesis,hida1246-middleinflection,synthesis,synth
hida1246-middleinflection-strategy,hida1246-middleinflection,strategy,person indexes
hida1246-middleinflection-passive,hida1246-middleinflection,passive,no
hida1246-middleinflection-anticausative,hida1246-middleinflection,anticausative,mid
hida1246-middleinflection-reflexive,hida1246-middleinflection,reflexive,no
hida1246-middleinflection-reciprocal,hida1246-middleinflection,reciprocal,no
hida1246-middleinflection-antipassive,hida1246-middleinflection,antipassive,no
hida1246-middleinflection-selfbenefactive,hida1246-middleinflection,selfbenefactive,no
hida1246-middleinflection-impersonal,hida1246-middleinflection,impersonal,no
hida1246-middleinflection-facilitative,hida1246-middleinflection,facilitative,no
hida1246-middleinflection-syncretism_pattern,hida1246-middleinflection,syncretism_pattern,ANTC
hida1246-middleinflection-voice_functions,hida1246-middleinflection,voice_functions,1
hida1246-middleinflection-source_type,hida1246-middleinflection,source_type,unknown
hida1246-middleinflection-multiple_marking_language,hida1246-middleinflection,multiple_marking_language,yes
hida1246-middleinflection-multiple_marking_languagecognate,hida1246-middleinflection,multiple_marking_languagecognate,no
hida1246-middleinflection-multiple_marking_languagecooccurence,hida1246-middleinflection,multiple_marking_languagecooccurence,yes
hida1246-prefhgi--synthesis,hida1246-prefhgi-,synthesis,synth
hida1246-prefhgi--strategy,hida1246-prefhgi-,strategy,suffix
hida1246-prefhgi--passive,hida1246-prefhgi-,passive,no
hida1246-prefhgi--anticausative,hida1246-prefhgi-,anticausative,no
hida1246-prefhgi--reflexive,hida1246-prefhgi-,reflexive,mid
hida1246-prefhgi--reciprocal,hida1246-prefhgi-,reciprocal,no
hida1246-prefhgi--antipassive,hida1246-prefhgi-,antipassive,no
hida1246-prefhgi--selfbenefactive,hida1246-prefhgi-,selfbenefactive,no
hida1246-prefhgi--impersonal,hida1246-prefhgi-,impersonal,no
hida1246-prefhgi--facilitative,hida1246-prefhgi-,facilitative,no
hida1246-prefhgi--other_opp_class,hida1246-prefhgi-,other_opp_class,"aspect, other"
hida1246-prefhgi--syncretism_pattern,hida1246-prefhgi-,syncretism_pattern,REFL
hida1246-prefhgi--voice_functions,hida1246-prefhgi-,voice_functions,1
hida1246-prefhgi--source_type,hida1246-prefhgi-,source_type,unknown
hida1246-prefhgi--multiple_marking_language,hida1246-prefhgi-,multiple_marking_language,yes
hida1246-prefhgi--multiple_marking_languagecognate,hida1246-prefhgi-,multiple_marking_languagecognate,no
hida1246-prefhgi--multiple_marking_languagecooccurence,hida1246-prefhgi-,multiple_marking_languagecooccurence,yes
hinu1240-suff---synthesis,hinu1240-suff--,synthesis,synth
hinu1240-suff---strategy,hinu1240-suff--,strategy,suffix
hinu1240-suff---passive,hinu1240-suff--,passive,no
hinu1240-suff---anticausative,hinu1240-suff--,anticausative,mid
hinu1240-suff---reflexive,hinu1240-suff--,reflexive,compl
hinu1240-suff---reciprocal,hinu1240-suff--,reciprocal,compl
hinu1240-suff---antipassive,hinu1240-suff--,antipassive,compl
hinu1240-suff---selfbenefactive,hinu1240-suff--,selfbenefactive,no
hinu1240-suff---impersonal,hinu1240-suff--,impersonal,no
hinu1240-suff---facilitative,hinu1240-suff--,facilitative,mid
hinu1240-suff---other_opp_class,hinu1240-suff--,other_opp_class,lowtrans
hinu1240-suff---syncretism_pattern,hinu1240-suff--,syncretism_pattern,ANTC/FAC
hinu1240-suff---voice_functions,hinu1240-suff--,voice_functions,2
hinu1240-suff---source_type,hinu1240-suff--,source_type,unknown
hinu1240-suff---multiple_marking_language,hinu1240-suff--,multiple_marking_language,no
hitt1242-middleinflection-synthesis,hitt1242-middleinflection,synthesis,synth
hitt1242-middleinflection-strategy,hitt1242-middleinflection,strategy,TAM/voice/person endings
hitt1242-middleinflection-passive,hitt1242-middleinflection,passive,compt
hitt1242-middleinflection-anticausative,hitt1242-middleinflection,anticausative,mid
hitt1242-middleinflection-reflexive,hitt1242-middleinflection,reflexive,compt
hitt1242-middleinflection-reciprocal,hitt1242-middleinflection,reciprocal,compt
hitt1242-middleinflection-antipassive,hitt1242-middleinflection,antipassive,no
hitt1242-middleinflection-selfbenefactive,hitt1242-middleinflection,selfbenefactive,no
hitt1242-middleinflection-impersonal,hitt1242-middleinflection,impersonal,no
hitt1242-middleinflection-facilitative,hitt1242-middleinflection,facilitative,no
hitt1242-middleinflection-syncretism_pattern,hitt1242-middleinflection,syncretism_pattern,PASS/ANTC/REFL/RECP
hitt1242-middleinflection-voice_functions,hitt1242-middleinflection,voice_functions,4
hitt1242-middleinflection-source_type,hitt1242-middleinflection,source_type,norefl
hitt1242-middleinflection-source_typenonreflexive,hitt1242-middleinflection,source_typenonreflexive,uncontr
hitt1242-middleinflection-multiple_marking_language,hitt1242-middleinflection,multiple_marking_language,no
hooo1248-suff-o--synthesis,hooo1248-suff-o-,synthesis,synth
hooo1248-suff-o--strategy,hooo1248-suff-o-,strategy,suffix
hooo1248-suff-o--passive,hooo1248-suff-o-,passive,no
hooo1248-suff-o--anticausative,hooo1248-suff-o-,anticausative,mid
hooo1248-suff-o--reflexive,hooo1248-suff-o-,reflexive,mid
hooo1248-suff-o--reciprocal,hooo1248-suff-o-,reciprocal,mid
hooo1248-suff-o--antipassive,hooo1248-suff-o-,antipassive,no
hooo1248-suff-o--selfbenefactive,hooo1248-suff-o-,selfbenefactive,no
hooo1248-suff-o--impersonal,hooo1248-suff-o-,impersonal,no
hooo1248-suff-o--facilitative,hooo1248-suff-o-,facilitative,no
hooo1248-suff-o--syncretism_pattern,hooo1248-suff-o-,syncretism_pattern,ANTC/REFL/RECP
hooo1248-suff-o--voice_functions,hooo1248-suff-o-,voice_functions,3
hooo1248-suff-o--source_type,hooo1248-suff-o-,source_type,norefl
hooo1248-suff-o--source_typenonreflexive,hooo1248-suff-o-,source_typenonreflexive,voice
hooo1248-suff-o--multiple_marking_language,hooo1248-suff-o-,multiple_marking_language,yes
hooo1248-suff-o--multiple_marking_languagecognate,hooo1248-suff-o-,multiple_marking_languagecognate,no
hooo1248-suff-o--multiple_marking_languagecooccurence,hooo1248-suff-o-,multiple_marking_languagecooccurence,no
hooo1248-suff-en--synthesis,hooo1248-suff-en-,synthesis,synth
hooo1248-suff-en--strategy,hooo1248-suff-en-,strategy,suffix
hooo1248-suff-en--passive,hooo1248-suff-en-,passive,mid
hooo1248-suff-en--anticausative,hooo1248-suff-en-,anticausative,mid
hooo1248-suff-en--reflexive,hooo1248-suff-en-,reflexive,no
hooo1248-suff-en--reciprocal,hooo1248-suff-en-,reciprocal,no
hooo1248-suff-en--antipassive,hooo1248-suff-en-,antipassive,no
hooo1248-suff-en--selfbenefactive,hooo1248-suff-en-,selfbenefactive,no
hooo1248-suff-en--impersonal,hooo1248-suff-en-,impersonal,no
hooo1248-suff-en--facilitative,hooo1248-suff-en-,facilitative,no
hooo1248-suff-en--other_opp_class,hooo1248-suff-en-,other_opp_class,aspect
hooo1248-suff-en--syncretism_pattern,hooo1248-suff-en-,syncretism_pattern,PASS/ANTC
hooo1248-suff-en--voice_functions,hooo1248-suff-en-,voice_functions,2
hooo1248-suff-en--source_type,hooo1248-suff-en-,source_type,unknown
hooo1248-suff-en--multiple_marking_language,hooo1248-suff-en-,multiple_marking_language,yes
hooo1248-suff-en--multiple_marking_languagecognate,hooo1248-suff-en-,multiple_marking_languagecognate,no
hooo1248-suff-en--multiple_marking_languagecooccurence,hooo1248-suff-en-,multiple_marking_languagecooccurence,no
huas1242-suff-vn--synthesis,huas1242-suff-vn-,synthesis,synth
huas1242-suff-vn--strategy,huas1242-suff-vn-,strategy,suffix
huas1242-suff-vn--passive,huas1242-suff-vn-,passive,mid
huas1242-suff-vn--anticausative,huas1242-suff-vn-,anticausative,mid
huas1242-suff-vn--reflexive,huas1242-suff-vn-,reflexive,mid
huas1242-suff-vn--reciprocal,huas1242-suff-vn-,reciprocal,no
huas1242-suff-vn--antipassive,huas1242-suff-vn-,antipassive,mid
huas1242-suff-vn--selfbenefactive,huas1242-suff-vn-,selfbenefactive,no
huas1242-suff-vn--impersonal,huas1242-suff-vn-,impersonal,no
huas1242-suff-vn--facilitative,huas1242-suff-vn-,facilitative,no
huas1242-suff-vn--syncretism_pattern,huas1242-suff-vn-,syncretism_pattern,PASS/ANTC/REFL/ANTP
huas1242-suff-vn--voice_functions,huas1242-suff-vn-,voice_functions,4
huas1242-suff-vn--source_type,huas1242-suff-vn-,source_type,norefl
huas1242-suff-vn--source_typenonreflexive,huas1242-suff-vn-,source_typenonreflexive,voice
huas1242-suff-vn--multiple_marking_language,huas1242-suff-vn-,multiple_marking_language,no
sand1278-preaspiration-synthesis,sand1278-preaspiration,synthesis,synth
sand1278-preaspiration-strategy,sand1278-preaspiration,strategy,preaspiration
sand1278-preaspiration-passive,sand1278-preaspiration,passive,mid
sand1278-preaspiration-anticausative,sand1278-preaspiration,anticausative,no
sand1278-preaspiration-reflexive,sand1278-preaspiration,reflexive,compl
sand1278-preaspiration-reciprocal,sand1278-preaspiration,reciprocal,compl
sand1278-preaspiration-antipassive,sand1278-preaspiration,antipassive,no
sand1278-preaspiration-selfbenefactive,sand1278-preaspiration,selfbenefactive,no
sand1278-preaspiration-impersonal,sand1278-preaspiration,impersonal,no
sand1278-preaspiration-facilitative,sand1278-preaspiration,facilitative,no
sand1278-preaspiration-syncretism_pattern,sand1278-preaspiration,syncretism_pattern,PASS
sand1278-preaspiration-voice_functions,sand1278-preaspiration,voice_functions,1
sand1278-preaspiration-source_type,sand1278-preaspiration,source_type,unknown
sand1278-preaspiration-multiple_marking_language,sand1278-preaspiration,multiple_marking_language,no
hupd1244-prefhup--synthesis,hupd1244-prefhup-,synthesis,synth
hupd1244-prefhup--strategy,hupd1244-prefhup-,strategy,prefix
hupd1244-prefhup--passive,hupd1244-prefhup-,passive,mid
hupd1244-prefhup--anticausative,hupd1244-prefhup-,anticausative,no
hupd1244-prefhup--reflexive,hupd1244-prefhup-,reflexive,mid
hupd1244-prefhup--reciprocal,hupd1244-prefhup-,reciprocal,compt
hupd1244-prefhup--antipassive,hupd1244-prefhup-,antipassive,no
hupd1244-prefhup--selfbenefactive,hupd1244-prefhup-,selfbenefactive,mid
hupd1244-prefhup--impersonal,hupd1244-prefhup-,impersonal,mid
hupd1244-prefhup--facilitative,hupd1244-prefhup-,facilitative,no
hupd1244-prefhup--syncretism_pattern,hupd1244-prefhup-,syncretism_pattern,PASS/REFL/SELF/RECP/IMP
hupd1244-prefhup--voice_functions,hupd1244-prefhup-,voice_functions,5
hupd1244-prefhup--source_type,hupd1244-prefhup-,source_type,unknown
hupd1244-prefhup--multiple_marking_language,hupd1244-prefhup-,multiple_marking_language,no
wyan1247-suff-at--synthesis,wyan1247-suff-at-,synthesis,synth
wyan1247-suff-at--strategy,wyan1247-suff-at-,strategy,suffix
wyan1247-suff-at--passive,wyan1247-suff-at-,passive,mid
wyan1247-suff-at--anticausative,wyan1247-suff-at-,anticausative,mid
wyan1247-suff-at--reflexive,wyan1247-suff-at-,reflexive,compl
wyan1247-suff-at--reciprocal,wyan1247-suff-at-,reciprocal,compl
wyan1247-suff-at--antipassive,wyan1247-suff-at-,antipassive,mid
wyan1247-suff-at--selfbenefactive,wyan1247-suff-at-,selfbenefactive,no
wyan1247-suff-at--impersonal,wyan1247-suff-at-,impersonal,no
wyan1247-suff-at--facilitative,wyan1247-suff-at-,facilitative,no
wyan1247-suff-at--syncretism_pattern,wyan1247-suff-at-,syncretism_pattern,PASS/ANTC/ANTP
wyan1247-suff-at--voice_functions,wyan1247-suff-at-,voice_functions,3
wyan1247-suff-at--source_type,wyan1247-suff-at-,source_type,refl
wyan1247-suff-at--multiple_marking_language,wyan1247-suff-at-,multiple_marking_language,no
idaa1241-prefb--synthesis,idaa1241-prefb-,synthesis,synth
idaa1241-prefb--strategy,idaa1241-prefb-,strategy,prefix
idaa1241-prefb--passive,idaa1241-prefb-,passive,mid
idaa1241-prefb--anticausative,idaa1241-prefb-,anticausative,mid
idaa1241-prefb--reflexive,idaa1241-prefb-,reflexive,mid
idaa1241-prefb--reciprocal,idaa1241-prefb-,reciprocal,no
idaa1241-prefb--antipassive,idaa1241-prefb-,antipassive,no
idaa1241-prefb--selfbenefactive,idaa1241-prefb-,selfbenefactive,mid
idaa1241-prefb--impersonal,idaa1241-prefb-,impersonal,no
idaa1241-prefb--facilitative,idaa1241-prefb-,facilitative,no
idaa1241-prefb--syncretism_pattern,idaa1241-prefb-,syncretism_pattern,PASS/ANTC/REFL/SELF
idaa1241-prefb--voice_functions,idaa1241-prefb-,voice_functions,4
idaa1241-prefb--source_type,idaa1241-prefb-,source_type,unknown
idaa1241-prefb--multiple_marking_language,idaa1241-prefb-,multiple_marking_language,yes
idaa1241-prefb--multiple_marking_languagecognate,idaa1241-prefb-,multiple_marking_languagecognate,no
idaa1241-prefb--multiple_marking_languagecooccurence,idaa1241-prefb-,multiple_marking_languagecooccurence,no
idaa1241-inf-r--synthesis,idaa1241-inf-r-,synthesis,synth
idaa1241-inf-r--strategy,idaa1241-inf-r-,strategy,infix
idaa1241-inf-r--passive,idaa1241-inf-r-,passive,mid
idaa1241-inf-r--anticausative,idaa1241-inf-r-,anticausative,mid
idaa1241-inf-r--reflexive,idaa1241-inf-r-,reflexive,mid
idaa1241-inf-r--reciprocal,idaa1241-inf-r-,reciprocal,mid
idaa1241-inf-r--antipassive,idaa1241-inf-r-,antipassive,no
idaa1241-inf-r--selfbenefactive,idaa1241-inf-r-,selfbenefactive,no
idaa1241-inf-r--impersonal,idaa1241-inf-r-,impersonal,no
idaa1241-inf-r--facilitative,idaa1241-inf-r-,facilitative,no
idaa1241-inf-r--other_opp_class,idaa1241-inf-r-,other_opp_class,other
idaa1241-inf-r--syncretism_pattern,idaa1241-inf-r-,syncretism_pattern,PASS/ANTC/REFL/RECP
idaa1241-inf-r--voice_functions,idaa1241-inf-r-,voice_functions,4
idaa1241-inf-r--source_type,idaa1241-inf-r-,source_type,norefl
idaa1241-inf-r--source_typenonreflexive,idaa1241-inf-r-,source_typenonreflexive,voice
idaa1241-inf-r--multiple_marking_language,idaa1241-inf-r-,multiple_marking_language,yes
idaa1241-inf-r--multiple_marking_languagecognate,idaa1241-inf-r-,multiple_marking_languagecognate,no
idaa1241-inf-r--multiple_marking_languagecooccurence,idaa1241-inf-r-,multiple_marking_languagecooccurence,no
iraq1241-suff-t--synthesis,iraq1241-suff-t-,synthesis,synth
iraq1241-suff-t--strategy,iraq1241-suff-t-,strategy,suffix
iraq1241-suff-t--passive,iraq1241-suff-t-,passive,compt
iraq1241-suff-t--anticausative,iraq1241-suff-t-,anticausative,mid
iraq1241-suff-t--reflexive,iraq1241-suff-t-,reflexive,compt
iraq1241-suff-t--reciprocal,iraq1241-suff-t-,reciprocal,compl
iraq1241-suff-t--antipassive,iraq1241-suff-t-,antipassive,no
iraq1241-suff-t--selfbenefactive,iraq1241-suff-t-,selfbenefactive,no
iraq1241-suff-t--impersonal,iraq1241-suff-t-,impersonal,no
iraq1241-suff-t--facilitative,iraq1241-suff-t-,facilitative,no
iraq1241-suff-t--other_opp_class,iraq1241-suff-t-,other_opp_class,aspect
iraq1241-suff-t--syncretism_pattern,iraq1241-suff-t-,syncretism_pattern,PASS/ANTC/REFL
iraq1241-suff-t--voice_functions,iraq1241-suff-t-,voice_functions,4
iraq1241-suff-t--source_type,iraq1241-suff-t-,source_type,refl
iraq1241-suff-t--multiple_marking_language,iraq1241-suff-t-,multiple_marking_language,no
ital1282-reflexivepronoun-synthesis,ital1282-reflexivepronoun,synthesis,analytic
ital1282-reflexivepronoun-strategy,ital1282-reflexivepronoun,strategy,clitic pronoun
ital1282-reflexivepronoun-passive,ital1282-reflexivepronoun,passive,compt
ital1282-reflexivepronoun-anticausative,ital1282-reflexivepronoun,anticausative,mid
ital1282-reflexivepronoun-reflexive,ital1282-reflexivepronoun,reflexive,mid
ital1282-reflexivepronoun-reciprocal,ital1282-reflexivepronoun,reciprocal,mid
ital1282-reflexivepronoun-antipassive,ital1282-reflexivepronoun,antipassive,mid
ital1282-reflexivepronoun-selfbenefactive,ital1282-reflexivepronoun,selfbenefactive,mid
ital1282-reflexivepronoun-impersonal,ital1282-reflexivepronoun,impersonal,mid
ital1282-reflexivepronoun-facilitative,ital1282-reflexivepronoun,facilitative,mid
ital1282-reflexivepronoun-syncretism_pattern,ital1282-reflexivepronoun,syncretism_pattern,PASS/ANTC/REFL/SELF/RECP/IMP/FAC
ital1282-reflexivepronoun-voice_functions,ital1282-reflexivepronoun,voice_functions,8
ital1282-reflexivepronoun-source_type,ital1282-reflexivepronoun,source_type,refl
ital1282-reflexivepronoun-multiple_marking_language,ital1282-reflexivepronoun,multiple_marking_language,no
nucl1305-suff-kollu--synthesis,nucl1305-suff-kollu-,synthesis,synth
nucl1305-suff-kollu--strategy,nucl1305-suff-kollu-,strategy,suffix
nucl1305-suff-kollu--passive,nucl1305-suff-kollu-,passive,compl
nucl1305-suff-kollu--anticausative,nucl1305-suff-kollu-,anticausative,mid
nucl1305-suff-kollu--reflexive,nucl1305-suff-kollu-,reflexive,mid
nucl1305-suff-kollu--reciprocal,nucl1305-suff-kollu-,reciprocal,no
nucl1305-suff-kollu--antipassive,nucl1305-suff-kollu-,antipassive,no
nucl1305-suff-kollu--selfbenefactive,nucl1305-suff-kollu-,selfbenefactive,mid
nucl1305-suff-kollu--impersonal,nucl1305-suff-kollu-,impersonal,no
nucl1305-suff-kollu--facilitative,nucl1305-suff-kollu-,facilitative,no
nucl1305-suff-kollu--syncretism_pattern,nucl1305-suff-kollu-,syncretism_pattern,ANTC/REFL/SELF
nucl1305-suff-kollu--voice_functions,nucl1305-suff-kollu-,voice_functions,3
nucl1305-suff-kollu--source_type,nucl1305-suff-kollu-,source_type,norefl
nucl1305-suff-kollu--source_typenonreflexive,nucl1305-suff-kollu-,source_typenonreflexive,lex
nucl1305-suff-kollu--multiple_marking_language,nucl1305-suff-kollu-,multiple_marking_language,no
kano1245-suff-ry-synthesis,kano1245-suff-ry,synthesis,synth
kano1245-suff-ry-strategy,kano1245-suff-ry,strategy,suffix
kano1245-suff-ry-passive,kano1245-suff-ry,passive,no
kano1245-suff-ry-anticausative,kano1245-suff-ry,anticausative,no
kano1245-suff-ry-reflexive,kano1245-suff-ry,reflexive,mid
kano1245-suff-ry-reciprocal,kano1245-suff-ry,reciprocal,mid
kano1245-suff-ry-antipassive,kano1245-suff-ry,antipassive,no
kano1245-suff-ry-selfbenefactive,kano1245-suff-ry,selfbenefactive,no
kano1245-suff-ry-impersonal,kano1245-suff-ry,impersonal,no
kano1245-suff-ry-facilitative,kano1245-suff-ry,facilitative,no
kano1245-suff-ry-syncretism_pattern,kano1245-suff-ry,syncretism_pattern,REFL/RECP
kano1245-suff-ry-voice_functions,kano1245-suff-ry,voice_functions,2
kano1245-suff-ry-source_type,kano1245-suff-ry,source_type,refl
kano1245-suff-ry-multiple_marking_language,kano1245-suff-ry,multiple_marking_language,no
karb1241-prefche--synthesis,karb1241-prefche-,synthesis,synth
karb1241-prefche--strategy,karb1241-prefche-,strategy,prefix
karb1241-prefche--passive,karb1241-prefche-,passive,no
karb1241-prefche--anticausative,karb1241-prefche-,anticausative,no
karb1241-prefche--reflexive,karb1241-prefche-,reflexive,compt
karb1241-prefche--reciprocal,karb1241-prefche-,reciprocal,compt
karb1241-prefche--antipassive,karb1241-prefche-,antipassive,no
karb1241-prefche--selfbenefactive,karb1241-prefche-,selfbenefactive,no
karb1241-prefche--impersonal,karb1241-prefche-,impersonal,no
karb1241-prefche--facilitative,karb1241-prefche-,facilitative,no
karb1241-prefche--syncretism_pattern,karb1241-prefche-,syncretism_pattern,REFL/RECP
karb1241-prefche--voice_functions,karb1241-prefche-,voice_functions,2
karb1241-prefche--source_type,karb1241-prefche-,source_type,refl
karb1241-prefche--multiple_marking_language,karb1241-prefche-,multiple_marking_language,no
kaya1319-suff-yii--synthesis,kaya1319-suff-yii-,synthesis,synth
kaya1319-suff-yii--strategy,kaya1319-suff-yii-,strategy,suffix
kaya1319-suff-yii--passive,kaya1319-suff-yii-,passive,mid
kaya1319-suff-yii--anticausative,kaya1319-suff-yii-,anticausative,mid
kaya1319-suff-yii--reflexive,kaya1319-suff-yii-,reflexive,mid
kaya1319-suff-yii--reciprocal,kaya1319-suff-yii-,reciprocal,compl
kaya1319-suff-yii--antipassive,kaya1319-suff-yii-,antipassive,no
kaya1319-suff-yii--selfbenefactive,kaya1319-suff-yii-,selfbenefactive,mid
kaya1319-suff-yii--impersonal,kaya1319-suff-yii-,impersonal,no
kaya1319-suff-yii--facilitative,kaya1319-suff-yii-,facilitative,no
kaya1319-suff-yii--other_opp_class,kaya1319-suff-yii-,other_opp_class,other
kaya1319-suff-yii--syncretism_pattern,kaya1319-suff-yii-,syncretism_pattern,PASS/ANTC/REFL/SELF
kaya1319-suff-yii--voice_functions,kaya1319-suff-yii-,voice_functions,4
kaya1319-suff-yii--source_type,kaya1319-suff-yii-,source_type,norefl
kaya1319-suff-yii--source_typenonreflexive,kaya1319-suff-yii-,source_typenonreflexive,uncontr
kaya1319-suff-yii--multiple_marking_language,kaya1319-suff-yii-,multiple_marking_language,no
east2774-suff-uj--synthesis,east2774-suff-uj-,synthesis,synth
east2774-suff-uj--strategy,east2774-suff-uj-,strategy,suffix
east2774-suff-uj--passive,east2774-suff-uj-,passive,compt
east2774-suff-uj--anticausative,east2774-suff-uj-,anticausative,mid
east2774-suff-uj--reflexive,east2774-suff-uj-,reflexive,compl
east2774-suff-uj--reciprocal,east2774-suff-uj-,reciprocal,compl
east2774-suff-uj--antipassive,east2774-suff-uj-,antipassive,no
east2774-suff-uj--selfbenefactive,east2774-suff-uj-,selfbenefactive,no
east2774-suff-uj--impersonal,east2774-suff-uj-,impersonal,no
east2774-suff-uj--facilitative,east2774-suff-uj-,facilitative,no
east2774-suff-uj--syncretism_pattern,east2774-suff-uj-,syncretism_pattern,PASS/ANTC
east2774-suff-uj--voice_functions,east2774-suff-uj-,voice_functions,2
east2774-suff-uj--source_type,east2774-suff-uj-,source_type,unknown
east2774-suff-uj--multiple_marking_language,east2774-suff-uj-,multiple_marking_language,no
khar1287-middleinflection-synthesis,khar1287-middleinflection,synthesis,synth
khar1287-middleinflection-strategy,khar1287-middleinflection,strategy,TAM/voice
khar1287-middleinflection-passive,khar1287-middleinflection,passive,compt
khar1287-middleinflection-anticausative,khar1287-middleinflection,anticausative,mid
khar1287-middleinflection-reflexive,khar1287-middleinflection,reflexive,compt
khar1287-middleinflection-reciprocal,khar1287-middleinflection,reciprocal,compl
khar1287-middleinflection-antipassive,khar1287-middleinflection,antipassive,mid
khar1287-middleinflection-selfbenefactive,khar1287-middleinflection,selfbenefactive,no
khar1287-middleinflection-impersonal,khar1287-middleinflection,impersonal,no
khar1287-middleinflection-facilitative,khar1287-middleinflection,facilitative,no
khar1287-middleinflection-other_opp_class,khar1287-middleinflection,other_opp_class,"aspect, lowtrans"
khar1287-middleinflection-syncretism_pattern,khar1287-middleinflection,syncretism_pattern,PASS/ANTC/REFL/ANTP
khar1287-middleinflection-voice_functions,khar1287-middleinflection,voice_functions,4
khar1287-middleinflection-source_type,khar1287-middleinflection,source_type,unknown
khar1287-middleinflection-multiple_marking_language,khar1287-middleinflection,multiple_marking_language,no
kiow1266-reflexiveprefixes-synthesis,kiow1266-reflexiveprefixes,synthesis,synth
kiow1266-reflexiveprefixes-strategy,kiow1266-reflexiveprefixes,strategy,person index
kiow1266-reflexiveprefixes-passive,kiow1266-reflexiveprefixes,passive,no
kiow1266-reflexiveprefixes-anticausative,kiow1266-reflexiveprefixes,anticausative,compl
kiow1266-reflexiveprefixes-reflexive,kiow1266-reflexiveprefixes,reflexive,mid
kiow1266-reflexiveprefixes-reciprocal,kiow1266-reflexiveprefixes,reciprocal,mid
kiow1266-reflexiveprefixes-antipassive,kiow1266-reflexiveprefixes,antipassive,no
kiow1266-reflexiveprefixes-selfbenefactive,kiow1266-reflexiveprefixes,selfbenefactive,mid
kiow1266-reflexiveprefixes-impersonal,kiow1266-reflexiveprefixes,impersonal,no
kiow1266-reflexiveprefixes-facilitative,kiow1266-reflexiveprefixes,facilitative,no
kiow1266-reflexiveprefixes-syncretism_pattern,kiow1266-reflexiveprefixes,syncretism_pattern,REFL/SELF/RECP
kiow1266-reflexiveprefixes-voice_functions,kiow1266-reflexiveprefixes,voice_functions,3
kiow1266-reflexiveprefixes-source_type,kiow1266-reflexiveprefixes,source_type,refl
kiow1266-reflexiveprefixes-multiple_marking_language,kiow1266-reflexiveprefixes,multiple_marking_language,no
kons1243-suff-a--synthesis,kons1243-suff-a-,synthesis,synth
kons1243-suff-a--strategy,kons1243-suff-a-,strategy,suffix
kons1243-suff-a--passive,kons1243-suff-a-,passive,compt
kons1243-suff-a--anticausative,kons1243-suff-a-,anticausative,mid
kons1243-suff-a--reflexive,kons1243-suff-a-,reflexive,compt
kons1243-suff-a--reciprocal,kons1243-suff-a-,reciprocal,compl
kons1243-suff-a--antipassive,kons1243-suff-a-,antipassive,no
kons1243-suff-a--selfbenefactive,kons1243-suff-a-,selfbenefactive,mid
kons1243-suff-a--impersonal,kons1243-suff-a-,impersonal,no
kons1243-suff-a--facilitative,kons1243-suff-a-,facilitative,no
kons1243-suff-a--other_opp_class,kons1243-suff-a-,other_opp_class,other
kons1243-suff-a--syncretism_pattern,kons1243-suff-a-,syncretism_pattern,PASS/ANTC/REFL/SELF
kons1243-suff-a--voice_functions,kons1243-suff-a-,voice_functions,4
kons1243-suff-a--source_type,kons1243-suff-a-,source_type,refl
kons1243-suff-a--multiple_marking_language,kons1243-suff-a-,multiple_marking_language,no
koyu1237-prefd--synthesis,koyu1237-prefd-,synthesis,synth
koyu1237-prefd--strategy,koyu1237-prefd-,strategy,prefix
koyu1237-prefd--passive,koyu1237-prefd-,passive,mid
koyu1237-prefd--anticausative,koyu1237-prefd-,anticausative,mid
koyu1237-prefd--reflexive,koyu1237-prefd-,reflexive,mid
koyu1237-prefd--reciprocal,koyu1237-prefd-,reciprocal,mid
koyu1237-prefd--antipassive,koyu1237-prefd-,antipassive,no
koyu1237-prefd--selfbenefactive,koyu1237-prefd-,selfbenefactive,mid
koyu1237-prefd--impersonal,koyu1237-prefd-,impersonal,no
koyu1237-prefd--facilitative,koyu1237-prefd-,facilitative,no
koyu1237-prefd--other_opp_class,koyu1237-prefd-,other_opp_class,"aspect, other"
koyu1237-prefd--syncretism_pattern,koyu1237-prefd-,syncretism_pattern,PASS/ANTC/REFL/SELF/RECP
koyu1237-prefd--voice_functions,koyu1237-prefd-,voice_functions,5
koyu1237-prefd--source_type,koyu1237-prefd-,source_type,refl
koyu1237-prefd--multiple_marking_language,koyu1237-prefd-,multiple_marking_language,no
kryt1240-suff-ar--synthesis,kryt1240-suff-ar-,synthesis,synth
kryt1240-suff-ar--strategy,kryt1240-suff-ar-,strategy,suffix
kryt1240-suff-ar--passive,kryt1240-suff-ar-,passive,mid
kryt1240-suff-ar--anticausative,kryt1240-suff-ar-,anticausative,mid
kryt1240-suff-ar--reflexive,kryt1240-suff-ar-,reflexive,compl
kryt1240-suff-ar--reciprocal,kryt1240-suff-ar-,reciprocal,compl
kryt1240-suff-ar--antipassive,kryt1240-suff-ar-,antipassive,mid
kryt1240-suff-ar--selfbenefactive,kryt1240-suff-ar-,selfbenefactive,no
kryt1240-suff-ar--impersonal,kryt1240-suff-ar-,impersonal,no
kryt1240-suff-ar--facilitative,kryt1240-suff-ar-,facilitative,no
kryt1240-suff-ar--other_opp_class,kryt1240-suff-ar-,other_opp_class,aspect
kryt1240-suff-ar--syncretism_pattern,kryt1240-suff-ar-,syncretism_pattern,PASS/ANTC/ANTP
kryt1240-suff-ar--voice_functions,kryt1240-suff-ar-,voice_functions,3
kryt1240-suff-ar--source_type,kryt1240-suff-ar-,source_type,norefl
kryt1240-suff-ar--source_typenonreflexive,kryt1240-suff-ar-,source_typenonreflexive,nom/verb
kryt1240-suff-ar--multiple_marking_language,kryt1240-suff-ar-,multiple_marking_language,no
kuru1301-suff-r--synthesis,kuru1301-suff-r-,synthesis,synth
kuru1301-suff-r--strategy,kuru1301-suff-r-,strategy,suffix
kuru1301-suff-r--passive,kuru1301-suff-r-,passive,compt
kuru1301-suff-r--anticausative,kuru1301-suff-r-,anticausative,mid
kuru1301-suff-r--reflexive,kuru1301-suff-r-,reflexive,mid
kuru1301-suff-r--reciprocal,kuru1301-suff-r-,reciprocal,compl
kuru1301-suff-r--antipassive,kuru1301-suff-r-,antipassive,no
kuru1301-suff-r--selfbenefactive,kuru1301-suff-r-,selfbenefactive,mid
kuru1301-suff-r--impersonal,kuru1301-suff-r-,impersonal,no
kuru1301-suff-r--facilitative,kuru1301-suff-r-,facilitative,no
kuru1301-suff-r--syncretism_pattern,kuru1301-suff-r-,syncretism_pattern,PASS/ANTC/REFL/SELF
kuru1301-suff-r--voice_functions,kuru1301-suff-r-,voice_functions,4
kuru1301-suff-r--source_type,kuru1301-suff-r-,source_type,norefl
kuru1301-suff-r--source_typenonreflexive,kuru1301-suff-r-,source_typenonreflexive,uncontr
kuru1301-suff-r--multiple_marking_language,kuru1301-suff-r-,multiple_marking_language,no
kusu1250-suff-q-synthesis,kusu1250-suff-q,synthesis,synth
kusu1250-suff-q-strategy,kusu1250-suff-q,strategy,suffix
kusu1250-suff-q-passive,kusu1250-suff-q,passive,compl
kusu1250-suff-q-anticausative,kusu1250-suff-q,anticausative,compt
kusu1250-suff-q-reflexive,kusu1250-suff-q,reflexive,compl
kusu1250-suff-q-reciprocal,kusu1250-suff-q,reciprocal,compl
kusu1250-suff-q-antipassive,kusu1250-suff-q,antipassive,no
kusu1250-suff-q-selfbenefactive,kusu1250-suff-q,selfbenefactive,no
kusu1250-suff-q-impersonal,kusu1250-suff-q,impersonal,no
kusu1250-suff-q-facilitative,kusu1250-suff-q,facilitative,no
kusu1250-suff-q-syncretism_pattern,kusu1250-suff-q,syncretism_pattern,ANTC
kusu1250-suff-q-voice_functions,kusu1250-suff-q,voice_functions,1
kusu1250-suff-q-source_type,kusu1250-suff-q,source_type,norefl
kusu1250-suff-q-source_typenonreflexive,kusu1250-suff-q,source_typenonreflexive,uncontr
kusu1250-suff-q-multiple_marking_language,kusu1250-suff-q,multiple_marking_language,no
laal1242-suff---synthesis,laal1242-suff--,synthesis,synth
laal1242-suff---strategy,laal1242-suff--,strategy,suffix
laal1242-suff---passive,laal1242-suff--,passive,mid
laal1242-suff---anticausative,laal1242-suff--,anticausative,mid
laal1242-suff---reflexive,laal1242-suff--,reflexive,mid
laal1242-suff---reciprocal,laal1242-suff--,reciprocal,mid
laal1242-suff---antipassive,laal1242-suff--,antipassive,no
laal1242-suff---selfbenefactive,laal1242-suff--,selfbenefactive,no
laal1242-suff---impersonal,laal1242-suff--,impersonal,no
laal1242-suff---facilitative,laal1242-suff--,facilitative,no
laal1242-suff---syncretism_pattern,laal1242-suff--,syncretism_pattern,PASS/ANTC/REFL/RECP
laal1242-suff---voice_functions,laal1242-suff--,voice_functions,4
laal1242-suff---source_type,laal1242-suff--,source_type,unknown
laal1242-suff---multiple_marking_language,laal1242-suff--,multiple_marking_language,no
kart1248-pref-i--synthesis,kart1248-pref-i-,synthesis,synth
kart1248-pref-i--strategy,kart1248-pref-i-,strategy,prefix
kart1248-pref-i--passive,kart1248-pref-i-,passive,mid
kart1248-pref-i--anticausative,kart1248-pref-i-,anticausative,mid
kart1248-pref-i--reflexive,kart1248-pref-i-,reflexive,compt
kart1248-pref-i--reciprocal,kart1248-pref-i-,reciprocal,compt
kart1248-pref-i--antipassive,kart1248-pref-i-,antipassive,mid
kart1248-pref-i--selfbenefactive,kart1248-pref-i-,selfbenefactive,mid
kart1248-pref-i--impersonal,kart1248-pref-i-,impersonal,mid
kart1248-pref-i--facilitative,kart1248-pref-i-,facilitative,mid
kart1248-pref-i--syncretism_pattern,kart1248-pref-i-,syncretism_pattern,PASS/ANTC/REFL/SELF/RECP/ANTP/IMP/FAC
kart1248-pref-i--voice_functions,kart1248-pref-i-,voice_functions,8
kart1248-pref-i--source_type,kart1248-pref-i-,source_type,unknown
kart1248-pref-i--multiple_marking_language,kart1248-pref-i-,multiple_marking_language,no
lewo1244-senclitics-synthesis,lewo1244-senclitics,synthesis,analytic
lewo1244-senclitics-strategy,lewo1244-senclitics,strategy,clitic pronoun
lewo1244-senclitics-passive,lewo1244-senclitics,passive,no
lewo1244-senclitics-anticausative,lewo1244-senclitics,anticausative,mid
lewo1244-senclitics-reflexive,lewo1244-senclitics,reflexive,compt
lewo1244-senclitics-reciprocal,lewo1244-senclitics,reciprocal,no
lewo1244-senclitics-antipassive,lewo1244-senclitics,antipassive,mid
lewo1244-senclitics-selfbenefactive,lewo1244-senclitics,selfbenefactive,no
lewo1244-senclitics-impersonal,lewo1244-senclitics,impersonal,no
lewo1244-senclitics-facilitative,lewo1244-senclitics,facilitative,no
lewo1244-senclitics-syncretism_pattern,lewo1244-senclitics,syncretism_pattern,ANTC/REFL/ANTP
lewo1244-senclitics-voice_functions,lewo1244-senclitics,voice_functions,3
lewo1244-senclitics-source_type,lewo1244-senclitics,source_type,refl
lewo1244-senclitics-multiple_marking_language,lewo1244-senclitics,multiple_marking_language,no
lika1243-suff-an--synthesis,lika1243-suff-an-,synthesis,synth
lika1243-suff-an--strategy,lika1243-suff-an-,strategy,suffix
lika1243-suff-an--passive,lika1243-suff-an-,passive,compt
lika1243-suff-an--anticausative,lika1243-suff-an-,anticausative,compl
lika1243-suff-an--reflexive,lika1243-suff-an-,reflexive,compl
lika1243-suff-an--reciprocal,lika1243-suff-an-,reciprocal,mid
lika1243-suff-an--antipassive,lika1243-suff-an-,antipassive,no
lika1243-suff-an--selfbenefactive,lika1243-suff-an-,selfbenefactive,no
lika1243-suff-an--impersonal,lika1243-suff-an-,impersonal,no
lika1243-suff-an--facilitative,lika1243-suff-an-,facilitative,no
lika1243-suff-an--syncretism_pattern,lika1243-suff-an-,syncretism_pattern,PASS/RECP
lika1243-suff-an--voice_functions,lika1243-suff-an-,voice_functions,2
lika1243-suff-an--source_type,lika1243-suff-an-,source_type,norefl
lika1243-suff-an--source_typenonreflexive,lika1243-suff-an-,source_typenonreflexive,plur
lika1243-suff-an--multiple_marking_language,lika1243-suff-an-,multiple_marking_language,no
lith1251-suff-s--synthesis,lith1251-suff-s-,synthesis,synth
lith1251-suff-s--strategy,lith1251-suff-s-,strategy,suffix
lith1251-suff-s--passive,lith1251-suff-s-,passive,compl
lith1251-suff-s--anticausative,lith1251-suff-s-,anticausative,mid
lith1251-suff-s--reflexive,lith1251-suff-s-,reflexive,mid
lith1251-suff-s--reciprocal,lith1251-suff-s-,reciprocal,mid
lith1251-suff-s--antipassive,lith1251-suff-s-,antipassive,mid
lith1251-suff-s--selfbenefactive,lith1251-suff-s-,selfbenefactive,mid
lith1251-suff-s--impersonal,lith1251-suff-s-,impersonal,mid
lith1251-suff-s--facilitative,lith1251-suff-s-,facilitative,mid
lith1251-suff-s--other_opp_class,lith1251-suff-s-,other_opp_class,other
lith1251-suff-s--syncretism_pattern,lith1251-suff-s-,syncretism_pattern,ANTC/REFL/SELF/RECP/ANTP/IMP/FAC
lith1251-suff-s--voice_functions,lith1251-suff-s-,voice_functions,7
lith1251-suff-s--source_type,lith1251-suff-s-,source_type,refl
lith1251-suff-s--multiple_marking_language,lith1251-suff-s-,multiple_marking_language,no
lumu1239-suff-ak-synthesis,lumu1239-suff-ak,synthesis,synth
lumu1239-suff-ak-strategy,lumu1239-suff-ak,strategy,suffix
lumu1239-suff-ak-passive,lumu1239-suff-ak,passive,compt
lumu1239-suff-ak-anticausative,lumu1239-suff-ak,anticausative,no
lumu1239-suff-ak-reflexive,lumu1239-suff-ak,reflexive,compl
lumu1239-suff-ak-reciprocal,lumu1239-suff-ak,reciprocal,no
lumu1239-suff-ak-antipassive,lumu1239-suff-ak,antipassive,no
lumu1239-suff-ak-selfbenefactive,lumu1239-suff-ak,selfbenefactive,no
lumu1239-suff-ak-impersonal,lumu1239-suff-ak,impersonal,no
lumu1239-suff-ak-facilitative,lumu1239-suff-ak,facilitative,mid
lumu1239-suff-ak-syncretism_pattern,lumu1239-suff-ak,syncretism_pattern,PASS/FAC
lumu1239-suff-ak-voice_functions,lumu1239-suff-ak,voice_functions,2
lumu1239-suff-ak-source_type,lumu1239-suff-ak,source_type,unknown
lumu1239-suff-ak-multiple_marking_language,lumu1239-suff-ak,multiple_marking_language,no
makw1236-suff-an--synthesis,makw1236-suff-an-,synthesis,synth
makw1236-suff-an--strategy,makw1236-suff-an-,strategy,suffix
makw1236-suff-an--passive,makw1236-suff-an-,passive,no
makw1236-suff-an--anticausative,makw1236-suff-an-,anticausative,no
makw1236-suff-an--reflexive,makw1236-suff-an-,reflexive,no
makw1236-suff-an--reciprocal,makw1236-suff-an-,reciprocal,mid
makw1236-suff-an--antipassive,makw1236-suff-an-,antipassive,no
makw1236-suff-an--selfbenefactive,makw1236-suff-an-,selfbenefactive,no
makw1236-suff-an--impersonal,makw1236-suff-an-,impersonal,no
makw1236-suff-an--facilitative,makw1236-suff-an-,facilitative,no
makw1236-suff-an--syncretism_pattern,makw1236-suff-an-,syncretism_pattern,RECP
makw1236-suff-an--voice_functions,makw1236-suff-an-,voice_functions,1
makw1236-suff-an--source_type,makw1236-suff-an-,source_type,norefl
makw1236-suff-an--source_typenonreflexive,makw1236-suff-an-,source_typenonreflexive,plur
makw1236-suff-an--multiple_marking_language,makw1236-suff-an-,multiple_marking_language,yes
makw1236-suff-an--multiple_marking_languagecognate,makw1236-suff-an-,multiple_marking_languagecognate,no
makw1236-suff-an--multiple_marking_languagecooccurence,makw1236-suff-an-,multiple_marking_languagecooccurence,no
makw1236-suff-iw--synthesis,makw1236-suff-iw-,synthesis,synth
makw1236-suff-iw--strategy,makw1236-suff-iw-,strategy,suffix
makw1236-suff-iw--passive,makw1236-suff-iw-,passive,mid
makw1236-suff-iw--anticausative,makw1236-suff-iw-,anticausative,no
makw1236-suff-iw--reflexive,makw1236-suff-iw-,reflexive,no
makw1236-suff-iw--reciprocal,makw1236-suff-iw-,reciprocal,no
makw1236-suff-iw--antipassive,makw1236-suff-iw-,antipassive,no
makw1236-suff-iw--selfbenefactive,makw1236-suff-iw-,selfbenefactive,no
makw1236-suff-iw--impersonal,makw1236-suff-iw-,impersonal,no
makw1236-suff-iw--facilitative,makw1236-suff-iw-,facilitative,no
makw1236-suff-iw--syncretism_pattern,makw1236-suff-iw-,syncretism_pattern,PASS
makw1236-suff-iw--voice_functions,makw1236-suff-iw-,voice_functions,1
makw1236-suff-iw--source_type,makw1236-suff-iw-,source_type,norefl
makw1236-suff-iw--source_typenonreflexive,makw1236-suff-iw-,source_typenonreflexive,voice
makw1236-suff-iw--multiple_marking_language,makw1236-suff-iw-,multiple_marking_language,yes
makw1236-suff-iw--multiple_marking_languagecognate,makw1236-suff-iw-,multiple_marking_languagecognate,no
makw1236-suff-iw--multiple_marking_languagecooccurence,makw1236-suff-iw-,multiple_marking_languagecooccurence,no
mapu1245-suff-uw--synthesis,mapu1245-suff-uw-,synthesis,synth
mapu1245-suff-uw--strategy,mapu1245-suff-uw-,strategy,suffix
mapu1245-suff-uw--passive,mapu1245-suff-uw-,passive,compl
mapu1245-suff-uw--anticausative,mapu1245-suff-uw-,anticausative,mid
mapu1245-suff-uw--reflexive,mapu1245-suff-uw-,reflexive,mid
mapu1245-suff-uw--reciprocal,mapu1245-suff-uw-,reciprocal,mid
mapu1245-suff-uw--antipassive,mapu1245-suff-uw-,antipassive,no
mapu1245-suff-uw--selfbenefactive,mapu1245-suff-uw-,selfbenefactive,mid
mapu1245-suff-uw--impersonal,mapu1245-suff-uw-,impersonal,no
mapu1245-suff-uw--facilitative,mapu1245-suff-uw-,facilitative,no
mapu1245-suff-uw--syncretism_pattern,mapu1245-suff-uw-,syncretism_pattern,ANTC/REFL/SELF/RECP
mapu1245-suff-uw--voice_functions,mapu1245-suff-uw-,voice_functions,4
mapu1245-suff-uw--source_type,mapu1245-suff-uw-,source_type,unknown
mapu1245-suff-uw--multiple_marking_language,mapu1245-suff-uw-,multiple_marking_language,no
masa1300-neuterform-synthesis,masa1300-neuterform,synthesis,synth
masa1300-neuterform-strategy,masa1300-neuterform,strategy,suffix
masa1300-neuterform-passive,masa1300-neuterform,passive,mid
masa1300-neuterform-anticausative,masa1300-neuterform,anticausative,mid
masa1300-neuterform-reflexive,masa1300-neuterform,reflexive,mid
masa1300-neuterform-reciprocal,masa1300-neuterform,reciprocal,mid
masa1300-neuterform-antipassive,masa1300-neuterform,antipassive,no
masa1300-neuterform-selfbenefactive,masa1300-neuterform,selfbenefactive,no
masa1300-neuterform-impersonal,masa1300-neuterform,impersonal,no
masa1300-neuterform-facilitative,masa1300-neuterform,facilitative,mid
masa1300-neuterform-other_opp_class,masa1300-neuterform,other_opp_class,aspect
masa1300-neuterform-syncretism_pattern,masa1300-neuterform,syncretism_pattern,PASS/ANTC/REFL/RECP/FAC
masa1300-neuterform-voice_functions,masa1300-neuterform,voice_functions,5
masa1300-neuterform-source_type,masa1300-neuterform,source_type,unknown
masa1300-neuterform-multiple_marking_language,masa1300-neuterform,multiple_marking_language,no
mikm1235-suff-asi-synthesis,mikm1235-suff-asi,synthesis,synth
mikm1235-suff-asi-strategy,mikm1235-suff-asi,strategy,suffix
mikm1235-suff-asi-passive,mikm1235-suff-asi,passive,mid
mikm1235-suff-asi-anticausative,mikm1235-suff-asi,anticausative,mid
mikm1235-suff-asi-reflexive,mikm1235-suff-asi,reflexive,mid
mikm1235-suff-asi-reciprocal,mikm1235-suff-asi,reciprocal,no
mikm1235-suff-asi-antipassive,mikm1235-suff-asi,antipassive,compl
mikm1235-suff-asi-selfbenefactive,mikm1235-suff-asi,selfbenefactive,no
mikm1235-suff-asi-impersonal,mikm1235-suff-asi,impersonal,no
mikm1235-suff-asi-facilitative,mikm1235-suff-asi,facilitative,no
mikm1235-suff-asi-other_opp_class,mikm1235-suff-asi,other_opp_class,aspect
mikm1235-suff-asi-syncretism_pattern,mikm1235-suff-asi,syncretism_pattern,PASS/ANTC/REFL
mikm1235-suff-asi-voice_functions,mikm1235-suff-asi,voice_functions,4
mikm1235-suff-asi-source_type,mikm1235-suff-asi,source_type,refl
mikm1235-suff-asi-multiple_marking_language,mikm1235-suff-asi,multiple_marking_language,no
lush1249-prefin--synthesis,lush1249-prefin-,synthesis,synth
lush1249-prefin--strategy,lush1249-prefin-,strategy,prefix
lush1249-prefin--passive,lush1249-prefin-,passive,mid
lush1249-prefin--anticausative,lush1249-prefin-,anticausative,mid
lush1249-prefin--reflexive,lush1249-prefin-,reflexive,mid
lush1249-prefin--reciprocal,lush1249-prefin-,reciprocal,mid
lush1249-prefin--antipassive,lush1249-prefin-,antipassive,no
lush1249-prefin--selfbenefactive,lush1249-prefin-,selfbenefactive,mid
lush1249-prefin--impersonal,lush1249-prefin-,impersonal,no
lush1249-prefin--facilitative,lush1249-prefin-,facilitative,no
lush1249-prefin--syncretism_pattern,lush1249-prefin-,syncretism_pattern,PASS/ANTC/REFL/SELF/RECP
lush1249-prefin--voice_functions,lush1249-prefin-,voice_functions,5
lush1249-prefin--source_type,lush1249-prefin-,source_type,norefl
lush1249-prefin--source_typenonreflexive,lush1249-prefin-,source_typenonreflexive,nom/verb
lush1249-prefin--multiple_marking_language,lush1249-prefin-,multiple_marking_language,no
movi1243-reduplication-synthesis,movi1243-reduplication,synthesis,synth
movi1243-reduplication-strategy,movi1243-reduplication,strategy,reduplication
movi1243-reduplication-passive,movi1243-reduplication,passive,no
movi1243-reduplication-anticausative,movi1243-reduplication,anticausative,mid
movi1243-reduplication-reflexive,movi1243-reduplication,reflexive,mid
movi1243-reduplication-reciprocal,movi1243-reduplication,reciprocal,no
movi1243-reduplication-antipassive,movi1243-reduplication,antipassive,no
movi1243-reduplication-selfbenefactive,movi1243-reduplication,selfbenefactive,no
movi1243-reduplication-impersonal,movi1243-reduplication,impersonal,no
movi1243-reduplication-facilitative,movi1243-reduplication,facilitative,mid
movi1243-reduplication-other_opp_class,movi1243-reduplication,other_opp_class,other
movi1243-reduplication-syncretism_pattern,movi1243-reduplication,syncretism_pattern,ANTC/REFL/IMP
movi1243-reduplication-voice_functions,movi1243-reduplication,voice_functions,3
movi1243-reduplication-source_type,movi1243-reduplication,source_type,unknown
movi1243-reduplication-multiple_marking_language,movi1243-reduplication,multiple_marking_language,yes
movi1243-reduplication-multiple_marking_languagecognate,movi1243-reduplication,multiple_marking_languagecognate,no
movi1243-reduplication-multiple_marking_languagecooccurence,movi1243-reduplication,multiple_marking_languagecooccurence,no
movi1243-suff-che--synthesis,movi1243-suff-che-,synthesis,synth
movi1243-suff-che--strategy,movi1243-suff-che-,strategy,suffix
movi1243-suff-che--passive,movi1243-suff-che-,passive,no
movi1243-suff-che--anticausative,movi1243-suff-che-,anticausative,no
movi1243-suff-che--reflexive,movi1243-suff-che-,reflexive,mid
movi1243-suff-che--reciprocal,movi1243-suff-che-,reciprocal,mid
movi1243-suff-che--antipassive,movi1243-suff-che-,antipassive,no
movi1243-suff-che--selfbenefactive,movi1243-suff-che-,selfbenefactive,mid
movi1243-suff-che--impersonal,movi1243-suff-che-,impersonal,no
movi1243-suff-che--facilitative,movi1243-suff-che-,facilitative,no
movi1243-suff-che--syncretism_pattern,movi1243-suff-che-,syncretism_pattern,REFL/SELF/RECP
movi1243-suff-che--voice_functions,movi1243-suff-che-,voice_functions,3
movi1243-suff-che--source_type,movi1243-suff-che-,source_type,refl
movi1243-suff-che--multiple_marking_language,movi1243-suff-che-,multiple_marking_language,yes
movi1243-suff-che--multiple_marking_languagecognate,movi1243-suff-che-,multiple_marking_languagecognate,no
movi1243-suff-che--multiple_marking_languagecooccurence,movi1243-suff-che-,multiple_marking_languagecooccurence,no
mund1325-suff-k-synthesis,mund1325-suff-k,synthesis,synth
mund1325-suff-k-strategy,mund1325-suff-k,strategy,suffix
mund1325-suff-k-passive,mund1325-suff-k,passive,mid
mund1325-suff-k-anticausative,mund1325-suff-k,anticausative,mid
mund1325-suff-k-reflexive,mund1325-suff-k,reflexive,compl
mund1325-suff-k-reciprocal,mund1325-suff-k,reciprocal,compl
mund1325-suff-k-antipassive,mund1325-suff-k,antipassive,no
mund1325-suff-k-selfbenefactive,mund1325-suff-k,selfbenefactive,no
mund1325-suff-k-impersonal,mund1325-suff-k,impersonal,no
mund1325-suff-k-facilitative,mund1325-suff-k,facilitative,no
mund1325-suff-k-syncretism_pattern,mund1325-suff-k,syncretism_pattern,PASS/ANTC
mund1325-suff-k-voice_functions,mund1325-suff-k,voice_functions,2
mund1325-suff-k-source_type,mund1325-suff-k,source_type,norefl
mund1325-suff-k-source_typenonreflexive,mund1325-suff-k,source_typenonreflexive,voice
mund1325-suff-k-multiple_marking_language,mund1325-suff-k,multiple_marking_language,no
cree1270-suff-k--synthesis,cree1270-suff-k-,synthesis,synth
cree1270-suff-k--strategy,cree1270-suff-k-,strategy,suffix
cree1270-suff-k--passive,cree1270-suff-k-,passive,mid
cree1270-suff-k--anticausative,cree1270-suff-k-,anticausative,mid
cree1270-suff-k--reflexive,cree1270-suff-k-,reflexive,compl
cree1270-suff-k--reciprocal,cree1270-suff-k-,reciprocal,compl
cree1270-suff-k--antipassive,cree1270-suff-k-,antipassive,no
cree1270-suff-k--selfbenefactive,cree1270-suff-k-,selfbenefactive,no
cree1270-suff-k--impersonal,cree1270-suff-k-,impersonal,no
cree1270-suff-k--facilitative,cree1270-suff-k-,facilitative,mid
cree1270-suff-k--syncretism_pattern,cree1270-suff-k-,syncretism_pattern,PASS/ANTC/FAC
cree1270-suff-k--voice_functions,cree1270-suff-k-,voice_functions,3
cree1270-suff-k--source_type,cree1270-suff-k-,source_type,norefl
cree1270-suff-k--source_typenonreflexive,cree1270-suff-k-,source_typenonreflexive,lex
cree1270-suff-k--multiple_marking_language,cree1270-suff-k-,multiple_marking_language,no
muss1248-prefai--synthesis,muss1248-prefai-,synthesis,synth
muss1248-prefai--strategy,muss1248-prefai-,strategy,prefix
muss1248-prefai--passive,muss1248-prefai-,passive,no
muss1248-prefai--anticausative,muss1248-prefai-,anticausative,no
muss1248-prefai--reflexive,muss1248-prefai-,reflexive,mid
muss1248-prefai--reciprocal,muss1248-prefai-,reciprocal,mid
muss1248-prefai--antipassive,muss1248-prefai-,antipassive,no
muss1248-prefai--selfbenefactive,muss1248-prefai-,selfbenefactive,no
muss1248-prefai--impersonal,muss1248-prefai-,impersonal,no
muss1248-prefai--facilitative,muss1248-prefai-,facilitative,no
muss1248-prefai--other_opp_class,muss1248-prefai-,other_opp_class,other
muss1248-prefai--syncretism_pattern,muss1248-prefai-,syncretism_pattern,REFL/RECP
muss1248-prefai--voice_functions,muss1248-prefai-,voice_functions,2
muss1248-prefai--source_type,muss1248-prefai-,source_type,norefl
muss1248-prefai--source_typenonreflexive,muss1248-prefai-,source_typenonreflexive,plur
muss1248-prefai--multiple_marking_language,muss1248-prefai-,multiple_marking_language,no
nava1243-prefd--synthesis,nava1243-prefd-,synthesis,synth
nava1243-prefd--strategy,nava1243-prefd-,strategy,prefix
nava1243-prefd--passive,nava1243-prefd-,passive,mid
nava1243-prefd--anticausative,nava1243-prefd-,anticausative,mid
nava1243-prefd--reflexive,nava1243-prefd-,reflexive,mid
nava1243-prefd--reciprocal,nava1243-prefd-,reciprocal,mid
nava1243-prefd--antipassive,nava1243-prefd-,antipassive,no
nava1243-prefd--selfbenefactive,nava1243-prefd-,selfbenefactive,no
nava1243-prefd--impersonal,nava1243-prefd-,impersonal,no
nava1243-prefd--facilitative,nava1243-prefd-,facilitative,no
nava1243-prefd--other_opp_class,nava1243-prefd-,other_opp_class,"aspect, other"
nava1243-prefd--syncretism_pattern,nava1243-prefd-,syncretism_pattern,PASS/ANTC/REFL/SELF/RECP
nava1243-prefd--voice_functions,nava1243-prefd-,voice_functions,5
nava1243-prefd--source_type,nava1243-prefd-,source_type,refl
nava1243-prefd--multiple_marking_language,nava1243-prefd-,multiple_marking_language,no
nene1251-reflexiveinflection-synthesis,nene1251-reflexiveinflection,synthesis,synth
nene1251-reflexiveinflection-strategy,nene1251-reflexiveinflection,strategy,person/number/voice endings
nene1251-reflexiveinflection-passive,nene1251-reflexiveinflection,passive,compt
nene1251-reflexiveinflection-anticausative,nene1251-reflexiveinflection,anticausative,mid
nene1251-reflexiveinflection-reflexive,nene1251-reflexiveinflection,reflexive,compl
nene1251-reflexiveinflection-reciprocal,nene1251-reflexiveinflection,reciprocal,compl
nene1251-reflexiveinflection-antipassive,nene1251-reflexiveinflection,antipassive,compl
nene1251-reflexiveinflection-selfbenefactive,nene1251-reflexiveinflection,selfbenefactive,no
nene1251-reflexiveinflection-impersonal,nene1251-reflexiveinflection,impersonal,no
nene1251-reflexiveinflection-facilitative,nene1251-reflexiveinflection,facilitative,no
nene1251-reflexiveinflection-syncretism_pattern,nene1251-reflexiveinflection,syncretism_pattern,PASS/ANTC
nene1251-reflexiveinflection-voice_functions,nene1251-reflexiveinflection,voice_functions,2
nene1251-reflexiveinflection-source_type,nene1251-reflexiveinflection,source_type,refl
nene1251-reflexiveinflection-multiple_marking_language,nene1251-reflexiveinflection,multiple_marking_language,no
nias1242-prefa--synthesis,nias1242-prefa-,synthesis,synth
nias1242-prefa--strategy,nias1242-prefa-,strategy,prefix
nias1242-prefa--passive,nias1242-prefa-,passive,mid
nias1242-prefa--anticausative,nias1242-prefa-,anticausative,mid
nias1242-prefa--reflexive,nias1242-prefa-,reflexive,no
nias1242-prefa--reciprocal,nias1242-prefa-,reciprocal,no
nias1242-prefa--antipassive,nias1242-prefa-,antipassive,no
nias1242-prefa--selfbenefactive,nias1242-prefa-,selfbenefactive,no
nias1242-prefa--impersonal,nias1242-prefa-,impersonal,no
nias1242-prefa--facilitative,nias1242-prefa-,facilitative,no
nias1242-prefa--syncretism_pattern,nias1242-prefa-,syncretism_pattern,PASS/ANTC
nias1242-prefa--voice_functions,nias1242-prefa-,voice_functions,2
nias1242-prefa--source_type,nias1242-prefa-,source_type,norefl
nias1242-prefa--source_typenonreflexive,nias1242-prefa-,source_typenonreflexive,nom/verb
nias1242-prefa--multiple_marking_language,nias1242-prefa-,multiple_marking_language,no
nisg1240-medialsuffixes-synthesis,nisg1240-medialsuffixes,synthesis,synth
nisg1240-medialsuffixes-strategy,nisg1240-medialsuffixes,strategy,suffix
nisg1240-medialsuffixes-passive,nisg1240-medialsuffixes,passive,mid
nisg1240-medialsuffixes-anticausative,nisg1240-medialsuffixes,anticausative,no
nisg1240-medialsuffixes-reflexive,nisg1240-medialsuffixes,reflexive,compt
nisg1240-medialsuffixes-reciprocal,nisg1240-medialsuffixes,reciprocal,compl
nisg1240-medialsuffixes-antipassive,nisg1240-medialsuffixes,antipassive,no
nisg1240-medialsuffixes-selfbenefactive,nisg1240-medialsuffixes,selfbenefactive,no
nisg1240-medialsuffixes-impersonal,nisg1240-medialsuffixes,impersonal,no
nisg1240-medialsuffixes-facilitative,nisg1240-medialsuffixes,facilitative,no
nisg1240-medialsuffixes-syncretism_pattern,nisg1240-medialsuffixes,syncretism_pattern,PASS/REFL
nisg1240-medialsuffixes-voice_functions,nisg1240-medialsuffixes,voice_functions,2
nisg1240-medialsuffixes-source_type,nisg1240-medialsuffixes,source_type,unknown
nisg1240-medialsuffixes-multiple_marking_language,nisg1240-medialsuffixes,multiple_marking_language,no
sout2986-suff-ni--synthesis,sout2986-suff-ni-,synthesis,synth
sout2986-suff-ni--strategy,sout2986-suff-ni-,strategy,suffix
sout2986-suff-ni--passive,sout2986-suff-ni-,passive,mid
sout2986-suff-ni--anticausative,sout2986-suff-ni-,anticausative,mid
sout2986-suff-ni--reflexive,sout2986-suff-ni-,reflexive,no
sout2986-suff-ni--reciprocal,sout2986-suff-ni-,reciprocal,no
sout2986-suff-ni--antipassive,sout2986-suff-ni-,antipassive,no
sout2986-suff-ni--selfbenefactive,sout2986-suff-ni-,selfbenefactive,no
sout2986-suff-ni--impersonal,sout2986-suff-ni-,impersonal,no
sout2986-suff-ni--facilitative,sout2986-suff-ni-,facilitative,no
sout2986-suff-ni--syncretism_pattern,sout2986-suff-ni-,syncretism_pattern,PASS/ANTC
sout2986-suff-ni--voice_functions,sout2986-suff-ni-,voice_functions,2
sout2986-suff-ni--source_type,sout2986-suff-ni-,source_type,unknown
sout2986-suff-ni--multiple_marking_language,sout2986-suff-ni-,multiple_marking_language,yes
sout2986-suff-ni--multiple_marking_languagecognate,sout2986-suff-ni-,multiple_marking_languagecognate,no
sout2986-suff-ni--multiple_marking_languagecooccurence,sout2986-suff-ni-,multiple_marking_languagecooccurence,no
sout2986-suff-pu--synthesis,sout2986-suff-pu-,synthesis,synth
sout2986-suff-pu--strategy,sout2986-suff-pu-,strategy,suffix
sout2986-suff-pu--passive,sout2986-suff-pu-,passive,no
sout2986-suff-pu--anticausative,sout2986-suff-pu-,anticausative,mid
sout2986-suff-pu--reflexive,sout2986-suff-pu-,reflexive,mid
sout2986-suff-pu--reciprocal,sout2986-suff-pu-,reciprocal,no
sout2986-suff-pu--antipassive,sout2986-suff-pu-,antipassive,no
sout2986-suff-pu--selfbenefactive,sout2986-suff-pu-,selfbenefactive,no
sout2986-suff-pu--impersonal,sout2986-suff-pu-,impersonal,no
sout2986-suff-pu--facilitative,sout2986-suff-pu-,facilitative,no
sout2986-suff-pu--syncretism_pattern,sout2986-suff-pu-,syncretism_pattern,ANTC/REFL
sout2986-suff-pu--voice_functions,sout2986-suff-pu-,voice_functions,2
sout2986-suff-pu--source_type,sout2986-suff-pu-,source_type,refl
sout2986-suff-pu--multiple_marking_language,sout2986-suff-pu-,multiple_marking_language,yes
sout2986-suff-pu--multiple_marking_languagecognate,sout2986-suff-pu-,multiple_marking_languagecognate,no
sout2986-suff-pu--multiple_marking_languagecooccurence,sout2986-suff-pu-,multiple_marking_languagecooccurence,no
okan1243-suff-m-synthesis,okan1243-suff-m,synthesis,synth
okan1243-suff-m-strategy,okan1243-suff-m,strategy,suffix
okan1243-suff-m-passive,okan1243-suff-m,passive,mid
okan1243-suff-m-anticausative,okan1243-suff-m,anticausative,no
okan1243-suff-m-reflexive,okan1243-suff-m,reflexive,compt
okan1243-suff-m-reciprocal,okan1243-suff-m,reciprocal,compl
okan1243-suff-m-antipassive,okan1243-suff-m,antipassive,mid
okan1243-suff-m-selfbenefactive,okan1243-suff-m,selfbenefactive,no
okan1243-suff-m-impersonal,okan1243-suff-m,impersonal,no
okan1243-suff-m-facilitative,okan1243-suff-m,facilitative,no
okan1243-suff-m-syncretism_pattern,okan1243-suff-m,syncretism_pattern,PASS/REFL/ANT
okan1243-suff-m-voice_functions,okan1243-suff-m,voice_functions,3
okan1243-suff-m-source_type,okan1243-suff-m,source_type,refl
okan1243-suff-m-multiple_marking_language,okan1243-suff-m,multiple_marking_language,no
oksa1245-preft--synthesis,oksa1245-preft-,synthesis,synth
oksa1245-preft--strategy,oksa1245-preft-,strategy,prefix
oksa1245-preft--passive,oksa1245-preft-,passive,mid
oksa1245-preft--anticausative,oksa1245-preft-,anticausative,mid
oksa1245-preft--reflexive,oksa1245-preft-,reflexive,compt
oksa1245-preft--reciprocal,oksa1245-preft-,reciprocal,compl
oksa1245-preft--antipassive,oksa1245-preft-,antipassive,mid
oksa1245-preft--selfbenefactive,oksa1245-preft-,selfbenefactive,no
oksa1245-preft--impersonal,oksa1245-preft-,impersonal,no
oksa1245-preft--facilitative,oksa1245-preft-,facilitative,no
oksa1245-preft--syncretism_pattern,oksa1245-preft-,syncretism_pattern,PASS/ANTC/REFL/ANTP
oksa1245-preft--voice_functions,oksa1245-preft-,voice_functions,4
oksa1245-preft--source_type,oksa1245-preft-,source_type,norefl
oksa1245-preft--source_typenonreflexive,oksa1245-preft-,source_typenonreflexive,voice
oksa1245-preft--multiple_marking_language,oksa1245-preft-,multiple_marking_language,no
east2652-suff-at--synthesis,east2652-suff-at-,synthesis,synth
east2652-suff-at--strategy,east2652-suff-at-,strategy,suffix
east2652-suff-at--passive,east2652-suff-at-,passive,compl
east2652-suff-at--anticausative,east2652-suff-at-,anticausative,mid
east2652-suff-at--reflexive,east2652-suff-at-,reflexive,compt
east2652-suff-at--reciprocal,east2652-suff-at-,reciprocal,compl
east2652-suff-at--antipassive,east2652-suff-at-,antipassive,no
east2652-suff-at--selfbenefactive,east2652-suff-at-,selfbenefactive,mid
east2652-suff-at--impersonal,east2652-suff-at-,impersonal,no
east2652-suff-at--facilitative,east2652-suff-at-,facilitative,no
east2652-suff-at--syncretism_pattern,east2652-suff-at-,syncretism_pattern,ANTC/REFL/SELF
east2652-suff-at--voice_functions,east2652-suff-at-,voice_functions,3
east2652-suff-at--source_type,east2652-suff-at-,source_type,refl
east2652-suff-at--multiple_marking_language,east2652-suff-at-,multiple_marking_language,no
otom1300-prefn--synthesis,otom1300-prefn-,synthesis,synth
otom1300-prefn--strategy,otom1300-prefn-,strategy,prefix
otom1300-prefn--passive,otom1300-prefn-,passive,no
otom1300-prefn--anticausative,otom1300-prefn-,anticausative,mid
otom1300-prefn--reflexive,otom1300-prefn-,reflexive,compt
otom1300-prefn--reciprocal,otom1300-prefn-,reciprocal,mid
otom1300-prefn--antipassive,otom1300-prefn-,antipassive,mid
otom1300-prefn--selfbenefactive,otom1300-prefn-,selfbenefactive,no
otom1300-prefn--impersonal,otom1300-prefn-,impersonal,no
otom1300-prefn--facilitative,otom1300-prefn-,facilitative,no
otom1300-prefn--other_opp_class,otom1300-prefn-,other_opp_class,aspect
otom1300-prefn--syncretism_pattern,otom1300-prefn-,syncretism_pattern,ANTC/REFL/RECP/ANTP
otom1300-prefn--voice_functions,otom1300-prefn-,voice_functions,4
otom1300-prefn--source_type,otom1300-prefn-,source_type,norefl
otom1300-prefn--source_typenonreflexive,otom1300-prefn-,source_typenonreflexive,aspect
otom1300-prefn--multiple_marking_language,otom1300-prefn-,multiple_marking_language,no
pagu1249-prefma--synthesis,pagu1249-prefma-,synthesis,synth
pagu1249-prefma--strategy,pagu1249-prefma-,strategy,prefix
pagu1249-prefma--passive,pagu1249-prefma-,passive,no
pagu1249-prefma--anticausative,pagu1249-prefma-,anticausative,mid
pagu1249-prefma--reflexive,pagu1249-prefma-,reflexive,mid
pagu1249-prefma--reciprocal,pagu1249-prefma-,reciprocal,compl
pagu1249-prefma--antipassive,pagu1249-prefma-,antipassive,no
pagu1249-prefma--selfbenefactive,pagu1249-prefma-,selfbenefactive,no
pagu1249-prefma--impersonal,pagu1249-prefma-,impersonal,no
pagu1249-prefma--facilitative,pagu1249-prefma-,facilitative,no
pagu1249-prefma--syncretism_pattern,pagu1249-prefma-,syncretism_pattern,ANTC/REFL
pagu1249-prefma--voice_functions,pagu1249-prefma-,voice_functions,2
pagu1249-prefma--source_type,pagu1249-prefma-,source_type,norefl
pagu1249-prefma--source_typenonreflexive,pagu1249-prefma-,source_typenonreflexive,nom/verb
pagu1249-prefma--multiple_marking_language,pagu1249-prefma-,multiple_marking_language,no
phal1254-suff-ij--synthesis,phal1254-suff-ij-,synthesis,synth
phal1254-suff-ij--strategy,phal1254-suff-ij-,strategy,suffix
phal1254-suff-ij--passive,phal1254-suff-ij-,passive,mid
phal1254-suff-ij--anticausative,phal1254-suff-ij-,anticausative,mid
phal1254-suff-ij--reflexive,phal1254-suff-ij-,reflexive,compl
phal1254-suff-ij--reciprocal,phal1254-suff-ij-,reciprocal,compl
phal1254-suff-ij--antipassive,phal1254-suff-ij-,antipassive,no
phal1254-suff-ij--selfbenefactive,phal1254-suff-ij-,selfbenefactive,no
phal1254-suff-ij--impersonal,phal1254-suff-ij-,impersonal,no
phal1254-suff-ij--facilitative,phal1254-suff-ij-,facilitative,no
phal1254-suff-ij--syncretism_pattern,phal1254-suff-ij-,syncretism_pattern,PASS/ANTC
phal1254-suff-ij--voice_functions,phal1254-suff-ij-,voice_functions,2
phal1254-suff-ij--source_type,phal1254-suff-ij-,source_type,norefl
phal1254-suff-ij--source_typenonreflexive,phal1254-suff-ij-,source_typenonreflexive,uncontr
phal1254-suff-ij--multiple_marking_language,phal1254-suff-ij-,multiple_marking_language,no
enap1235-detransitivizer-synthesis,enap1235-detransitivizer,synthesis,synth
enap1235-detransitivizer-strategy,enap1235-detransitivizer,strategy,prefix
enap1235-detransitivizer-passive,enap1235-detransitivizer,passive,compt
enap1235-detransitivizer-anticausative,enap1235-detransitivizer,anticausative,mid
enap1235-detransitivizer-reflexive,enap1235-detransitivizer,reflexive,mid
enap1235-detransitivizer-reciprocal,enap1235-detransitivizer,reciprocal,mid
enap1235-detransitivizer-antipassive,enap1235-detransitivizer,antipassive,no
enap1235-detransitivizer-selfbenefactive,enap1235-detransitivizer,selfbenefactive,mid
enap1235-detransitivizer-impersonal,enap1235-detransitivizer,impersonal,no
enap1235-detransitivizer-facilitative,enap1235-detransitivizer,facilitative,no
enap1235-detransitivizer-syncretism_pattern,enap1235-detransitivizer,syncretism_pattern,PASS/ANTC/REFL/SELF/RECP
enap1235-detransitivizer-voice_functions,enap1235-detransitivizer,voice_functions,5
enap1235-detransitivizer-source_type,enap1235-detransitivizer,source_type,refl
enap1235-detransitivizer-multiple_marking_language,enap1235-detransitivizer,multiple_marking_language,no
pare1272-suff-oa-synthesis,pare1272-suff-oa,synthesis,synth
pare1272-suff-oa-strategy,pare1272-suff-oa,strategy,suffix
pare1272-suff-oa-passive,pare1272-suff-oa,passive,mid
pare1272-suff-oa-anticausative,pare1272-suff-oa,anticausative,mid
pare1272-suff-oa-reflexive,pare1272-suff-oa,reflexive,compt
pare1272-suff-oa-reciprocal,pare1272-suff-oa,reciprocal,compl
pare1272-suff-oa-antipassive,pare1272-suff-oa,antipassive,no
pare1272-suff-oa-selfbenefactive,pare1272-suff-oa,selfbenefactive,no
pare1272-suff-oa-impersonal,pare1272-suff-oa,impersonal,no
pare1272-suff-oa-facilitative,pare1272-suff-oa,facilitative,no
pare1272-suff-oa-syncretism_pattern,pare1272-suff-oa,syncretism_pattern,PASS/ANTC/REFL
pare1272-suff-oa-voice_functions,pare1272-suff-oa,voice_functions,4
pare1272-suff-oa-source_type,pare1272-suff-oa,source_type,refl
pare1272-suff-oa-multiple_marking_language,pare1272-suff-oa,multiple_marking_language,no
pila1245-setbpronouns-synthesis,pila1245-setbpronouns,synthesis,synth
pila1245-setbpronouns-strategy,pila1245-setbpronouns,strategy,person index
pila1245-setbpronouns-passive,pila1245-setbpronouns,passive,no
pila1245-setbpronouns-anticausative,pila1245-setbpronouns,anticausative,mid
pila1245-setbpronouns-reflexive,pila1245-setbpronouns,reflexive,mid
pila1245-setbpronouns-reciprocal,pila1245-setbpronouns,reciprocal,mid
pila1245-setbpronouns-antipassive,pila1245-setbpronouns,antipassive,no
pila1245-setbpronouns-selfbenefactive,pila1245-setbpronouns,selfbenefactive,no
pila1245-setbpronouns-impersonal,pila1245-setbpronouns,impersonal,no
pila1245-setbpronouns-facilitative,pila1245-setbpronouns,facilitative,no
pila1245-setbpronouns-syncretism_pattern,pila1245-setbpronouns,syncretism_pattern,ANTC/REFL/RECP
pila1245-setbpronouns-voice_functions,pila1245-setbpronouns,voice_functions,3
pila1245-setbpronouns-source_type,pila1245-setbpronouns,source_type,unknown
pila1245-setbpronouns-multiple_marking_language,pila1245-setbpronouns,multiple_marking_language,no
pima1248-prefa--synthesis,pima1248-prefa-,synthesis,synth
pima1248-prefa--strategy,pima1248-prefa-,strategy,prefix
pima1248-prefa--passive,pima1248-prefa-,passive,mid
pima1248-prefa--anticausative,pima1248-prefa-,anticausative,mid
pima1248-prefa--reflexive,pima1248-prefa-,reflexive,mid
pima1248-prefa--reciprocal,pima1248-prefa-,reciprocal,mid
pima1248-prefa--antipassive,pima1248-prefa-,antipassive,no
pima1248-prefa--selfbenefactive,pima1248-prefa-,selfbenefactive,no
pima1248-prefa--impersonal,pima1248-prefa-,impersonal,no
pima1248-prefa--facilitative,pima1248-prefa-,facilitative,no
pima1248-prefa--syncretism_pattern,pima1248-prefa-,syncretism_pattern,PASS/ANTC/REFL/RECP
pima1248-prefa--voice_functions,pima1248-prefa-,voice_functions,4
pima1248-prefa--source_type,pima1248-prefa-,source_type,refl
pima1248-prefa--multiple_marking_language,pima1248-prefa-,multiple_marking_language,no
yauy1235-suff-ku-synthesis,yauy1235-suff-ku,synthesis,synth
yauy1235-suff-ku-strategy,yauy1235-suff-ku,strategy,suffix
yauy1235-suff-ku-passive,yauy1235-suff-ku,passive,compt
yauy1235-suff-ku-anticausative,yauy1235-suff-ku,anticausative,compl
yauy1235-suff-ku-reflexive,yauy1235-suff-ku,reflexive,mid
yauy1235-suff-ku-reciprocal,yauy1235-suff-ku,reciprocal,compl
yauy1235-suff-ku-antipassive,yauy1235-suff-ku,antipassive,no
yauy1235-suff-ku-selfbenefactive,yauy1235-suff-ku,selfbenefactive,mid
yauy1235-suff-ku-impersonal,yauy1235-suff-ku,impersonal,no
yauy1235-suff-ku-facilitative,yauy1235-suff-ku,facilitative,no
yauy1235-suff-ku-other_opp_class,yauy1235-suff-ku,other_opp_class,"aspect, other"
yauy1235-suff-ku-syncretism_pattern,yauy1235-suff-ku,syncretism_pattern,PASS/REFL/SELF
yauy1235-suff-ku-voice_functions,yauy1235-suff-ku,voice_functions,3
yauy1235-suff-ku-source_type,yauy1235-suff-ku,source_type,unknown
yauy1235-suff-ku-multiple_marking_language,yauy1235-suff-ku,multiple_marking_language,no
vlax1238-suff-uv--synthesis,vlax1238-suff-uv-,synthesis,synth
vlax1238-suff-uv--strategy,vlax1238-suff-uv-,strategy,suffix
vlax1238-suff-uv--passive,vlax1238-suff-uv-,passive,mid
vlax1238-suff-uv--anticausative,vlax1238-suff-uv-,anticausative,mid
vlax1238-suff-uv--reflexive,vlax1238-suff-uv-,reflexive,no
vlax1238-suff-uv--reciprocal,vlax1238-suff-uv-,reciprocal,no
vlax1238-suff-uv--antipassive,vlax1238-suff-uv-,antipassive,no
vlax1238-suff-uv--selfbenefactive,vlax1238-suff-uv-,selfbenefactive,no
vlax1238-suff-uv--impersonal,vlax1238-suff-uv-,impersonal,no
vlax1238-suff-uv--facilitative,vlax1238-suff-uv-,facilitative,no
vlax1238-suff-uv--syncretism_pattern,vlax1238-suff-uv-,syncretism_pattern,PASS/ANTC
vlax1238-suff-uv--voice_functions,vlax1238-suff-uv-,voice_functions,2
vlax1238-suff-uv--source_type,vlax1238-suff-uv-,source_type,norefl
vlax1238-suff-uv--source_typenonreflexive,vlax1238-suff-uv-,source_typenonreflexive,lex
vlax1238-suff-uv--multiple_marking_language,vlax1238-suff-uv-,multiple_marking_language,yes
vlax1238-suff-uv--multiple_marking_languagecognate,vlax1238-suff-uv-,multiple_marking_languagecognate,no
vlax1238-suff-uv--multiple_marking_languagecooccurence,vlax1238-suff-uv-,multiple_marking_languagecooccurence,no
vlax1238-reflexivepronoun-synthesis,vlax1238-reflexivepronoun,synthesis,analytic
vlax1238-reflexivepronoun-strategy,vlax1238-reflexivepronoun,strategy,pronoun
vlax1238-reflexivepronoun-passive,vlax1238-reflexivepronoun,passive,mid
vlax1238-reflexivepronoun-anticausative,vlax1238-reflexivepronoun,anticausative,no
vlax1238-reflexivepronoun-reflexive,vlax1238-reflexivepronoun,reflexive,mid
vlax1238-reflexivepronoun-reciprocal,vlax1238-reflexivepronoun,reciprocal,mid
vlax1238-reflexivepronoun-antipassive,vlax1238-reflexivepronoun,antipassive,no
vlax1238-reflexivepronoun-selfbenefactive,vlax1238-reflexivepronoun,selfbenefactive,mid
vlax1238-reflexivepronoun-impersonal,vlax1238-reflexivepronoun,impersonal,mid
vlax1238-reflexivepronoun-facilitative,vlax1238-reflexivepronoun,facilitative,no
vlax1238-reflexivepronoun-syncretism_pattern,vlax1238-reflexivepronoun,syncretism_pattern,PASS/REFL/SELF/RECP/IMP
vlax1238-reflexivepronoun-voice_functions,vlax1238-reflexivepronoun,voice_functions,5
vlax1238-reflexivepronoun-source_type,vlax1238-reflexivepronoun,source_type,refl
vlax1238-reflexivepronoun-multiple_marking_language,vlax1238-reflexivepronoun,multiple_marking_language,yes
vlax1238-reflexivepronoun-multiple_marking_languagecognate,vlax1238-reflexivepronoun,multiple_marking_languagecognate,no
vlax1238-reflexivepronoun-multiple_marking_languagecooccurence,vlax1238-reflexivepronoun,multiple_marking_languagecooccurence,no
sali1253-prefk--synthesis,sali1253-prefk-,synthesis,synth
sali1253-prefk--strategy,sali1253-prefk-,strategy,prefix
sali1253-prefk--passive,sali1253-prefk-,passive,mid
sali1253-prefk--anticausative,sali1253-prefk-,anticausative,mid
sali1253-prefk--reflexive,sali1253-prefk-,reflexive,no
sali1253-prefk--reciprocal,sali1253-prefk-,reciprocal,no
sali1253-prefk--antipassive,sali1253-prefk-,antipassive,no
sali1253-prefk--selfbenefactive,sali1253-prefk-,selfbenefactive,no
sali1253-prefk--impersonal,sali1253-prefk-,impersonal,no
sali1253-prefk--facilitative,sali1253-prefk-,facilitative,no
sali1253-prefk--syncretism_pattern,sali1253-prefk-,syncretism_pattern,PASS/ANTC
sali1253-prefk--voice_functions,sali1253-prefk-,voice_functions,2
sali1253-prefk--source_type,sali1253-prefk-,source_type,unknown
sali1253-prefk--multiple_marking_language,sali1253-prefk-,multiple_marking_language,yes
sali1253-prefk--multiple_marking_languagecognate,sali1253-prefk-,multiple_marking_languagecognate,no
sali1253-prefk--multiple_marking_languagecooccurence,sali1253-prefk-,multiple_marking_languagecooccurence,no
sali1253-suff-a-synthesis,sali1253-suff-a,synthesis,synth
sali1253-suff-a-strategy,sali1253-suff-a,strategy,suffix
sali1253-suff-a-passive,sali1253-suff-a,passive,mid
sali1253-suff-a-anticausative,sali1253-suff-a,anticausative,no
sali1253-suff-a-reflexive,sali1253-suff-a,reflexive,mid
sali1253-suff-a-reciprocal,sali1253-suff-a,reciprocal,no
sali1253-suff-a-antipassive,sali1253-suff-a,antipassive,no
sali1253-suff-a-selfbenefactive,sali1253-suff-a,selfbenefactive,no
sali1253-suff-a-impersonal,sali1253-suff-a,impersonal,no
sali1253-suff-a-facilitative,sali1253-suff-a,facilitative,no
sali1253-suff-a-syncretism_pattern,sali1253-suff-a,syncretism_pattern,PASS/REFL
sali1253-suff-a-voice_functions,sali1253-suff-a,voice_functions,2
sali1253-suff-a-source_type,sali1253-suff-a,source_type,unknown
sali1253-suff-a-multiple_marking_language,sali1253-suff-a,multiple_marking_language,yes
sali1253-suff-a-multiple_marking_languagecognate,sali1253-suff-a,multiple_marking_languagecognate,no
sali1253-suff-a-multiple_marking_languagecooccurence,sali1253-suff-a,multiple_marking_languagecooccurence,no
sand1273-suff-tsi-synthesis,sand1273-suff-tsi,synthesis,synth
sand1273-suff-tsi-strategy,sand1273-suff-tsi,strategy,suffix
sand1273-suff-tsi-passive,sand1273-suff-tsi,passive,mid
sand1273-suff-tsi-anticausative,sand1273-suff-tsi,anticausative,mid
sand1273-suff-tsi-reflexive,sand1273-suff-tsi,reflexive,no
sand1273-suff-tsi-reciprocal,sand1273-suff-tsi,reciprocal,no
sand1273-suff-tsi-antipassive,sand1273-suff-tsi,antipassive,no
sand1273-suff-tsi-selfbenefactive,sand1273-suff-tsi,selfbenefactive,no
sand1273-suff-tsi-impersonal,sand1273-suff-tsi,impersonal,no
sand1273-suff-tsi-facilitative,sand1273-suff-tsi,facilitative,no
sand1273-suff-tsi-other_opp_class,sand1273-suff-tsi,other_opp_class,lowtrans
sand1273-suff-tsi-syncretism_pattern,sand1273-suff-tsi,syncretism_pattern,PASS/ANTC
sand1273-suff-tsi-voice_functions,sand1273-suff-tsi,voice_functions,2
sand1273-suff-tsi-source_type,sand1273-suff-tsi,source_type,unknown
sand1273-suff-tsi-multiple_marking_language,sand1273-suff-tsi,multiple_marking_language,yes
sand1273-suff-tsi-multiple_marking_languagecognate,sand1273-suff-tsi,multiple_marking_languagecognate,no
sand1273-suff-tsi-multiple_marking_languagecooccurence,sand1273-suff-tsi,multiple_marking_languagecooccurence,yes
sand1273-suff-tsi--synthesis,sand1273-suff-tsi-,synthesis,synth
sand1273-suff-tsi--strategy,sand1273-suff-tsi-,strategy,suffix
sand1273-suff-tsi--passive,sand1273-suff-tsi-,passive,mid
sand1273-suff-tsi--anticausative,sand1273-suff-tsi-,anticausative,mid
sand1273-suff-tsi--reflexive,sand1273-suff-tsi-,reflexive,mid
sand1273-suff-tsi--reciprocal,sand1273-suff-tsi-,reciprocal,no
sand1273-suff-tsi--antipassive,sand1273-suff-tsi-,antipassive,no
sand1273-suff-tsi--selfbenefactive,sand1273-suff-tsi-,selfbenefactive,no
sand1273-suff-tsi--impersonal,sand1273-suff-tsi-,impersonal,no
sand1273-suff-tsi--facilitative,sand1273-suff-tsi-,facilitative,mid
sand1273-suff-tsi--syncretism_pattern,sand1273-suff-tsi-,syncretism_pattern,PASS/ANTC/REFL
sand1273-suff-tsi--voice_functions,sand1273-suff-tsi-,voice_functions,4
sand1273-suff-tsi--source_type,sand1273-suff-tsi-,source_type,unknown
sand1273-suff-tsi--multiple_marking_language,sand1273-suff-tsi-,multiple_marking_language,yes
sand1273-suff-tsi--multiple_marking_languagecognate,sand1273-suff-tsi-,multiple_marking_languagecognate,no
sand1273-suff-tsi--multiple_marking_languagecooccurence,sand1273-suff-tsi-,multiple_marking_languagecooccurence,yes
seme1247-prefbr--synthesis,seme1247-prefbr-,synthesis,synth
seme1247-prefbr--strategy,seme1247-prefbr-,strategy,prefix
seme1247-prefbr--passive,seme1247-prefbr-,passive,mid
seme1247-prefbr--anticausative,seme1247-prefbr-,anticausative,mid
seme1247-prefbr--reflexive,seme1247-prefbr-,reflexive,mid
seme1247-prefbr--reciprocal,seme1247-prefbr-,reciprocal,mid
seme1247-prefbr--antipassive,seme1247-prefbr-,antipassive,no
seme1247-prefbr--selfbenefactive,seme1247-prefbr-,selfbenefactive,no
seme1247-prefbr--impersonal,seme1247-prefbr-,impersonal,no
seme1247-prefbr--facilitative,seme1247-prefbr-,facilitative,no
seme1247-prefbr--other_opp_class,seme1247-prefbr-,other_opp_class,other
seme1247-prefbr--syncretism_pattern,seme1247-prefbr-,syncretism_pattern,PASS/ANTC/REFL/RECP
seme1247-prefbr--voice_functions,seme1247-prefbr-,voice_functions,4
seme1247-prefbr--source_type,seme1247-prefbr-,source_type,norefl
seme1247-prefbr--source_typenonreflexive,seme1247-prefbr-,source_typenonreflexive,plur
seme1247-prefbr--multiple_marking_language,seme1247-prefbr-,multiple_marking_language,no
sere1260-suff-u--oox--synthesis,sere1260-suff-u--oox-,synthesis,synth
sere1260-suff-u--oox--strategy,sere1260-suff-u--oox-,strategy,suffix
sere1260-suff-u--oox--passive,sere1260-suff-u--oox-,passive,compt
sere1260-suff-u--oox--anticausative,sere1260-suff-u--oox-,anticausative,compt
sere1260-suff-u--oox--reflexive,sere1260-suff-u--oox-,reflexive,compt
sere1260-suff-u--oox--reciprocal,sere1260-suff-u--oox-,reciprocal,compl
sere1260-suff-u--oox--antipassive,sere1260-suff-u--oox-,antipassive,no
sere1260-suff-u--oox--selfbenefactive,sere1260-suff-u--oox-,selfbenefactive,no
sere1260-suff-u--oox--impersonal,sere1260-suff-u--oox-,impersonal,no
sere1260-suff-u--oox--facilitative,sere1260-suff-u--oox-,facilitative,no
sere1260-suff-u--oox--syncretism_pattern,sere1260-suff-u--oox-,syncretism_pattern,PASS/ANTC/REFL
sere1260-suff-u--oox--voice_functions,sere1260-suff-u--oox-,voice_functions,4
sere1260-suff-u--oox--source_type,sere1260-suff-u--oox-,source_type,unknown
sere1260-suff-u--oox--multiple_marking_language,sere1260-suff-u--oox-,multiple_marking_language,no
shek1244-suff-a-synthesis,shek1244-suff-a,synthesis,synth
shek1244-suff-a-strategy,shek1244-suff-a,strategy,suffix
shek1244-suff-a-passive,shek1244-suff-a,passive,mid
shek1244-suff-a-anticausative,shek1244-suff-a,anticausative,mid
shek1244-suff-a-reflexive,shek1244-suff-a,reflexive,mid
shek1244-suff-a-reciprocal,shek1244-suff-a,reciprocal,mid
shek1244-suff-a-antipassive,shek1244-suff-a,antipassive,no
shek1244-suff-a-selfbenefactive,shek1244-suff-a,selfbenefactive,no
shek1244-suff-a-impersonal,shek1244-suff-a,impersonal,mid
shek1244-suff-a-facilitative,shek1244-suff-a,facilitative,no
shek1244-suff-a-syncretism_pattern,shek1244-suff-a,syncretism_pattern,PASS/ANTC/REFL/RECP/IMP
shek1244-suff-a-voice_functions,shek1244-suff-a,voice_functions,5
shek1244-suff-a-source_type,shek1244-suff-a,source_type,unknown
shek1244-suff-a-multiple_marking_language,shek1244-suff-a,multiple_marking_language,no
siwa1245-middleinflection-synthesis,siwa1245-middleinflection,synthesis,synth
siwa1245-middleinflection-strategy,siwa1245-middleinflection,strategy,person/number/voice endings
siwa1245-middleinflection-passive,siwa1245-middleinflection,passive,mid
siwa1245-middleinflection-anticausative,siwa1245-middleinflection,anticausative,mid
siwa1245-middleinflection-reflexive,siwa1245-middleinflection,reflexive,mid
siwa1245-middleinflection-reciprocal,siwa1245-middleinflection,reciprocal,compl
siwa1245-middleinflection-antipassive,siwa1245-middleinflection,antipassive,mid
siwa1245-middleinflection-selfbenefactive,siwa1245-middleinflection,selfbenefactive,no
siwa1245-middleinflection-impersonal,siwa1245-middleinflection,impersonal,no
siwa1245-middleinflection-facilitative,siwa1245-middleinflection,facilitative,no
siwa1245-middleinflection-other_opp_class,siwa1245-middleinflection,other_opp_class,aspect
siwa1245-middleinflection-syncretism_pattern,siwa1245-middleinflection,syncretism_pattern,PASS/ANTC/REFL/ANTP
siwa1245-middleinflection-voice_functions,siwa1245-middleinflection,voice_functions,4
siwa1245-middleinflection-source_type,siwa1245-middleinflection,source_type,unknown
siwa1245-middleinflection-multiple_marking_language,siwa1245-middleinflection,multiple_marking_language,no
soma1255-suff-at--synthesis,soma1255-suff-at-,synthesis,synth
soma1255-suff-at--strategy,soma1255-suff-at-,strategy,suffix
soma1255-suff-at--passive,soma1255-suff-at-,passive,compl
soma1255-suff-at--anticausative,soma1255-suff-at-,anticausative,compt
soma1255-suff-at--reflexive,soma1255-suff-at-,reflexive,compt
soma1255-suff-at--reciprocal,soma1255-suff-at-,reciprocal,compl
soma1255-suff-at--antipassive,soma1255-suff-at-,antipassive,no
soma1255-suff-at--selfbenefactive,soma1255-suff-at-,selfbenefactive,mid
soma1255-suff-at--impersonal,soma1255-suff-at-,impersonal,no
soma1255-suff-at--facilitative,soma1255-suff-at-,facilitative,no
soma1255-suff-at--other_opp_class,soma1255-suff-at-,other_opp_class,aspect
soma1255-suff-at--syncretism_pattern,soma1255-suff-at-,syncretism_pattern,ANTC/REFL/SELF
soma1255-suff-at--voice_functions,soma1255-suff-at-,voice_functions,3
soma1255-suff-at--source_type,soma1255-suff-at-,source_type,refl
soma1255-suff-at--multiple_marking_language,soma1255-suff-at-,multiple_marking_language,no
taga1270-prefmag-um--synthesis,taga1270-prefmag-um-,synthesis,synth
taga1270-prefmag-um--strategy,taga1270-prefmag-um-,strategy,prefix
taga1270-prefmag-um--passive,taga1270-prefmag-um-,passive,no
taga1270-prefmag-um--anticausative,taga1270-prefmag-um-,anticausative,mid
taga1270-prefmag-um--reflexive,taga1270-prefmag-um-,reflexive,compt
taga1270-prefmag-um--reciprocal,taga1270-prefmag-um-,reciprocal,mid
taga1270-prefmag-um--antipassive,taga1270-prefmag-um-,antipassive,mid
taga1270-prefmag-um--selfbenefactive,taga1270-prefmag-um-,selfbenefactive,no
taga1270-prefmag-um--impersonal,taga1270-prefmag-um-,impersonal,no
taga1270-prefmag-um--facilitative,taga1270-prefmag-um-,facilitative,no
taga1270-prefmag-um--syncretism_pattern,taga1270-prefmag-um-,syncretism_pattern,ANTC/REFL/RECP/ANTP
taga1270-prefmag-um--voice_functions,taga1270-prefmag-um-,voice_functions,4
taga1270-prefmag-um--source_type,taga1270-prefmag-um-,source_type,norefl
taga1270-prefmag-um--source_typenonreflexive,taga1270-prefmag-um-,source_typenonreflexive,nom/verb
taga1270-prefmag-um--multiple_marking_language,taga1270-prefmag-um-,multiple_marking_language,no
tama1365-prefm--n-nvy--synthesis,tama1365-prefm--n-nvy-,synthesis,synth
tama1365-prefm--n-nvy--strategy,tama1365-prefm--n-nvy-,strategy,prefix
tama1365-prefm--n-nvy--passive,tama1365-prefm--n-nvy-,passive,compt
tama1365-prefm--n-nvy--anticausative,tama1365-prefm--n-nvy-,anticausative,mid
tama1365-prefm--n-nvy--reflexive,tama1365-prefm--n-nvy-,reflexive,compl
tama1365-prefm--n-nvy--reciprocal,tama1365-prefm--n-nvy-,reciprocal,compl
tama1365-prefm--n-nvy--antipassive,tama1365-prefm--n-nvy-,antipassive,no
tama1365-prefm--n-nvy--selfbenefactive,tama1365-prefm--n-nvy-,selfbenefactive,no
tama1365-prefm--n-nvy--impersonal,tama1365-prefm--n-nvy-,impersonal,no
tama1365-prefm--n-nvy--facilitative,tama1365-prefm--n-nvy-,facilitative,no
tama1365-prefm--n-nvy--syncretism_pattern,tama1365-prefm--n-nvy-,syncretism_pattern,PASS/ANTC
tama1365-prefm--n-nvy--voice_functions,tama1365-prefm--n-nvy-,voice_functions,2
tama1365-prefm--n-nvy--source_type,tama1365-prefm--n-nvy-,source_type,unknown
tama1365-prefm--n-nvy--multiple_marking_language,tama1365-prefm--n-nvy-,multiple_marking_language,no
thul1246-suff-si--synthesis,thul1246-suff-si-,synthesis,synth
thul1246-suff-si--strategy,thul1246-suff-si-,strategy,suffix
thul1246-suff-si--passive,thul1246-suff-si-,passive,no
thul1246-suff-si--anticausative,thul1246-suff-si-,anticausative,compt
thul1246-suff-si--reflexive,thul1246-suff-si-,reflexive,mid
thul1246-suff-si--reciprocal,thul1246-suff-si-,reciprocal,compl
thul1246-suff-si--antipassive,thul1246-suff-si-,antipassive,mid
thul1246-suff-si--selfbenefactive,thul1246-suff-si-,selfbenefactive,no
thul1246-suff-si--impersonal,thul1246-suff-si-,impersonal,no
thul1246-suff-si--facilitative,thul1246-suff-si-,facilitative,no
thul1246-suff-si--syncretism_pattern,thul1246-suff-si-,syncretism_pattern,ANTC/REFL/ANTP
thul1246-suff-si--voice_functions,thul1246-suff-si-,voice_functions,3
thul1246-suff-si--source_type,thul1246-suff-si-,source_type,norefl
thul1246-suff-si--source_typenonreflexive,thul1246-suff-si-,source_typenonreflexive,nom/verb
thul1246-suff-si--multiple_marking_language,thul1246-suff-si-,multiple_marking_language,no
toab1237-prefkwai--synthesis,toab1237-prefkwai-,synthesis,synth
toab1237-prefkwai--strategy,toab1237-prefkwai-,strategy,prefix
toab1237-prefkwai--passive,toab1237-prefkwai-,passive,no
toab1237-prefkwai--anticausative,toab1237-prefkwai-,anticausative,compl
toab1237-prefkwai--reflexive,toab1237-prefkwai-,reflexive,compl
toab1237-prefkwai--reciprocal,toab1237-prefkwai-,reciprocal,compt
toab1237-prefkwai--antipassive,toab1237-prefkwai-,antipassive,mid
toab1237-prefkwai--selfbenefactive,toab1237-prefkwai-,selfbenefactive,no
toab1237-prefkwai--impersonal,toab1237-prefkwai-,impersonal,no
toab1237-prefkwai--facilitative,toab1237-prefkwai-,facilitative,no
toab1237-prefkwai--syncretism_pattern,toab1237-prefkwai-,syncretism_pattern,RECP/ANTP
toab1237-prefkwai--voice_functions,toab1237-prefkwai-,voice_functions,2
toab1237-prefkwai--source_type,toab1237-prefkwai-,source_type,norefl
toab1237-prefkwai--source_typenonreflexive,toab1237-prefkwai-,source_typenonreflexive,plur
toab1237-prefkwai--multiple_marking_language,toab1237-prefkwai-,multiple_marking_language,no
toba1269-setiipronouns-synthesis,toba1269-setiipronouns,synthesis,synth
toba1269-setiipronouns-strategy,toba1269-setiipronouns,strategy,person index
toba1269-setiipronouns-passive,toba1269-setiipronouns,passive,no
toba1269-setiipronouns-anticausative,toba1269-setiipronouns,anticausative,mid
toba1269-setiipronouns-reflexive,toba1269-setiipronouns,reflexive,mid
toba1269-setiipronouns-reciprocal,toba1269-setiipronouns,reciprocal,mid
toba1269-setiipronouns-antipassive,toba1269-setiipronouns,antipassive,mid
toba1269-setiipronouns-selfbenefactive,toba1269-setiipronouns,selfbenefactive,no
toba1269-setiipronouns-impersonal,toba1269-setiipronouns,impersonal,mid
toba1269-setiipronouns-facilitative,toba1269-setiipronouns,facilitative,no
toba1269-setiipronouns-other_opp_class,toba1269-setiipronouns,other_opp_class,other
toba1269-setiipronouns-syncretism_pattern,toba1269-setiipronouns,syncretism_pattern,ANTC/REFL/RECP/ANTP/IMP
toba1269-setiipronouns-voice_functions,toba1269-setiipronouns,voice_functions,5
toba1269-setiipronouns-source_type,toba1269-setiipronouns,source_type,unknown
toba1269-setiipronouns-multiple_marking_language,toba1269-setiipronouns,multiple_marking_language,no
tonk1249-prefhe--synthesis,tonk1249-prefhe-,synthesis,synth
tonk1249-prefhe--strategy,tonk1249-prefhe-,strategy,prefix
tonk1249-prefhe--passive,tonk1249-prefhe-,passive,no
tonk1249-prefhe--anticausative,tonk1249-prefhe-,anticausative,mid
tonk1249-prefhe--reflexive,tonk1249-prefhe-,reflexive,mid
tonk1249-prefhe--reciprocal,tonk1249-prefhe-,reciprocal,compl
tonk1249-prefhe--antipassive,tonk1249-prefhe-,antipassive,no
tonk1249-prefhe--selfbenefactive,tonk1249-prefhe-,selfbenefactive,no
tonk1249-prefhe--impersonal,tonk1249-prefhe-,impersonal,no
tonk1249-prefhe--facilitative,tonk1249-prefhe-,facilitative,no
tonk1249-prefhe--syncretism_pattern,tonk1249-prefhe-,syncretism_pattern,REFL/SELF
tonk1249-prefhe--voice_functions,tonk1249-prefhe-,voice_functions,2
tonk1249-prefhe--source_type,tonk1249-prefhe-,source_type,refl
tonk1249-prefhe--multiple_marking_language,tonk1249-prefhe-,multiple_marking_language,no
trio1238-detransitivizer-synthesis,trio1238-detransitivizer,synthesis,synth
trio1238-detransitivizer-strategy,trio1238-detransitivizer,strategy,prefix
trio1238-detransitivizer-passive,trio1238-detransitivizer,passive,no
trio1238-detransitivizer-anticausative,trio1238-detransitivizer,anticausative,mid
trio1238-detransitivizer-reflexive,trio1238-detransitivizer,reflexive,mid
trio1238-detransitivizer-reciprocal,trio1238-detransitivizer,reciprocal,mid
trio1238-detransitivizer-antipassive,trio1238-detransitivizer,antipassive,mid
trio1238-detransitivizer-selfbenefactive,trio1238-detransitivizer,selfbenefactive,no
trio1238-detransitivizer-impersonal,trio1238-detransitivizer,impersonal,no
trio1238-detransitivizer-facilitative,trio1238-detransitivizer,facilitative,no
trio1238-detransitivizer-other_opp_class,trio1238-detransitivizer,other_opp_class,other
trio1238-detransitivizer-syncretism_pattern,trio1238-detransitivizer,syncretism_pattern,ANTC/REFL/RECP/ANTP
trio1238-detransitivizer-voice_functions,trio1238-detransitivizer,voice_functions,4
trio1238-detransitivizer-source_type,trio1238-detransitivizer,source_type,refl
trio1238-detransitivizer-multiple_marking_language,trio1238-detransitivizer,multiple_marking_language,no
mose1249-suff-ti--synthesis,mose1249-suff-ti-,synthesis,synth
mose1249-suff-ti--strategy,mose1249-suff-ti-,strategy,suffix
mose1249-suff-ti--passive,mose1249-suff-ti-,passive,no
mose1249-suff-ti--anticausative,mose1249-suff-ti-,anticausative,no
mose1249-suff-ti--reflexive,mose1249-suff-ti-,reflexive,mid
mose1249-suff-ti--reciprocal,mose1249-suff-ti-,reciprocal,mid
mose1249-suff-ti--antipassive,mose1249-suff-ti-,antipassive,mid
mose1249-suff-ti--selfbenefactive,mose1249-suff-ti-,selfbenefactive,mid
mose1249-suff-ti--impersonal,mose1249-suff-ti-,impersonal,no
mose1249-suff-ti--facilitative,mose1249-suff-ti-,facilitative,no
mose1249-suff-ti--other_opp_class,mose1249-suff-ti-,other_opp_class,other
mose1249-suff-ti--syncretism_pattern,mose1249-suff-ti-,syncretism_pattern,REFL/SELF/RECP/ANTP
mose1249-suff-ti--voice_functions,mose1249-suff-ti-,voice_functions,4
mose1249-suff-ti--source_type,mose1249-suff-ti-,source_type,norefl
mose1249-suff-ti--source_typenonreflexive,mose1249-suff-ti-,source_typenonreflexive,lex
mose1249-suff-ti--multiple_marking_language,mose1249-suff-ti-,multiple_marking_language,yes
mose1249-suff-ti--multiple_marking_languagecognate,mose1249-suff-ti-,multiple_marking_languagecognate,yes
mose1249-suff-ti--multiple_marking_languagecooccurence,mose1249-suff-ti-,multiple_marking_languagecooccurence,no
mose1249-suff-ki--synthesis,mose1249-suff-ki-,synthesis,synth
mose1249-suff-ki--strategy,mose1249-suff-ki-,strategy,suffix
mose1249-suff-ki--passive,mose1249-suff-ki-,passive,mid
mose1249-suff-ki--anticausative,mose1249-suff-ki-,anticausative,mid
mose1249-suff-ki--reflexive,mose1249-suff-ki-,reflexive,no
mose1249-suff-ki--reciprocal,mose1249-suff-ki-,reciprocal,no
mose1249-suff-ki--antipassive,mose1249-suff-ki-,antipassive,mid
mose1249-suff-ki--selfbenefactive,mose1249-suff-ki-,selfbenefactive,no
mose1249-suff-ki--impersonal,mose1249-suff-ki-,impersonal,no
mose1249-suff-ki--facilitative,mose1249-suff-ki-,facilitative,no
mose1249-suff-ki--other_opp_class,mose1249-suff-ki-,other_opp_class,other
mose1249-suff-ki--syncretism_pattern,mose1249-suff-ki-,syncretism_pattern,PASS/ANTC/ANTP
mose1249-suff-ki--voice_functions,mose1249-suff-ki-,voice_functions,3
mose1249-suff-ki--source_type,mose1249-suff-ki-,source_type,norefl
mose1249-suff-ki--source_typenonreflexive,mose1249-suff-ki-,source_typenonreflexive,lex
mose1249-suff-ki--multiple_marking_language,mose1249-suff-ki-,multiple_marking_language,yes
mose1249-suff-ki--multiple_marking_languagecognate,mose1249-suff-ki-,multiple_marking_languagecognate,yes
mose1249-suff-ki--multiple_marking_languagecooccurence,mose1249-suff-ki-,multiple_marking_languagecooccurence,no
tuvi1240-suff-is--synthesis,tuvi1240-suff-is-,synthesis,synth
tuvi1240-suff-is--strategy,tuvi1240-suff-is-,strategy,suffix
tuvi1240-suff-is--passive,tuvi1240-suff-is-,passive,no
tuvi1240-suff-is--anticausative,tuvi1240-suff-is-,anticausative,mid
tuvi1240-suff-is--reflexive,tuvi1240-suff-is-,reflexive,mid
tuvi1240-suff-is--reciprocal,tuvi1240-suff-is-,reciprocal,mid
tuvi1240-suff-is--antipassive,tuvi1240-suff-is-,antipassive,mid
tuvi1240-suff-is--selfbenefactive,tuvi1240-suff-is-,selfbenefactive,no
tuvi1240-suff-is--impersonal,tuvi1240-suff-is-,impersonal,no
tuvi1240-suff-is--facilitative,tuvi1240-suff-is-,facilitative,no
tuvi1240-suff-is--other_opp_class,tuvi1240-suff-is-,other_opp_class,other
tuvi1240-suff-is--syncretism_pattern,tuvi1240-suff-is-,syncretism_pattern,ANTC/REFL/RECP/ANTP
tuvi1240-suff-is--voice_functions,tuvi1240-suff-is-,voice_functions,4
tuvi1240-suff-is--source_type,tuvi1240-suff-is-,source_type,norefl
tuvi1240-suff-is--source_typenonreflexive,tuvi1240-suff-is-,source_typenonreflexive,plur
tuvi1240-suff-is--multiple_marking_language,tuvi1240-suff-is-,multiple_marking_language,yes
tuvi1240-suff-is--multiple_marking_languagecognate,tuvi1240-suff-is-,multiple_marking_languagecognate,no
tuvi1240-suff-is--multiple_marking_languagecooccurence,tuvi1240-suff-is-,multiple_marking_languagecooccurence,yes
tuvi1240-suff-in--synthesis,tuvi1240-suff-in-,synthesis,synth
tuvi1240-suff-in--strategy,tuvi1240-suff-in-,strategy,suffix
tuvi1240-suff-in--passive,tuvi1240-suff-in-,passive,mid
tuvi1240-suff-in--anticausative,tuvi1240-suff-in-,anticausative,mid
tuvi1240-suff-in--reflexive,tuvi1240-suff-in-,reflexive,mid
tuvi1240-suff-in--reciprocal,tuvi1240-suff-in-,reciprocal,no
tuvi1240-suff-in--antipassive,tuvi1240-suff-in-,antipassive,mid
tuvi1240-suff-in--selfbenefactive,tuvi1240-suff-in-,selfbenefactive,mid
tuvi1240-suff-in--impersonal,tuvi1240-suff-in-,impersonal,no
tuvi1240-suff-in--facilitative,tuvi1240-suff-in-,facilitative,no
tuvi1240-suff-in--syncretism_pattern,tuvi1240-suff-in-,syncretism_pattern,PASS/ANTC/REFL/SELF/ANTP
tuvi1240-suff-in--voice_functions,tuvi1240-suff-in-,voice_functions,5
tuvi1240-suff-in--source_type,tuvi1240-suff-in-,source_type,unknown
tuvi1240-suff-in--multiple_marking_language,tuvi1240-suff-in-,multiple_marking_language,yes
tuvi1240-suff-in--multiple_marking_languagecognate,tuvi1240-suff-in-,multiple_marking_languagecognate,no
tuvi1240-suff-in--multiple_marking_languagecooccurence,tuvi1240-suff-in-,multiple_marking_languagecooccurence,yes
tzel1254-inf-j--synthesis,tzel1254-inf-j-,synthesis,synth
tzel1254-inf-j--strategy,tzel1254-inf-j-,strategy,infix
tzel1254-inf-j--passive,tzel1254-inf-j-,passive,compt
tzel1254-inf-j--anticausative,tzel1254-inf-j-,anticausative,mid
tzel1254-inf-j--reflexive,tzel1254-inf-j-,reflexive,compl
tzel1254-inf-j--reciprocal,tzel1254-inf-j-,reciprocal,compl
tzel1254-inf-j--antipassive,tzel1254-inf-j-,antipassive,compl
tzel1254-inf-j--selfbenefactive,tzel1254-inf-j-,selfbenefactive,no
tzel1254-inf-j--impersonal,tzel1254-inf-j-,impersonal,no
tzel1254-inf-j--facilitative,tzel1254-inf-j-,facilitative,no
tzel1254-inf-j--syncretism_pattern,tzel1254-inf-j-,syncretism_pattern,PASS/ANTC
tzel1254-inf-j--voice_functions,tzel1254-inf-j-,voice_functions,2
tzel1254-inf-j--source_type,tzel1254-inf-j-,source_type,norefl
tzel1254-inf-j--source_typenonreflexive,tzel1254-inf-j-,source_typenonreflexive,voice
tzel1254-inf-j--multiple_marking_language,tzel1254-inf-j-,multiple_marking_language,no
udih1248-suff-kpi--synthesis,udih1248-suff-kpi-,synthesis,synth
udih1248-suff-kpi--strategy,udih1248-suff-kpi-,strategy,suffix
udih1248-suff-kpi--passive,udih1248-suff-kpi-,passive,mid
udih1248-suff-kpi--anticausative,udih1248-suff-kpi-,anticausative,mid
udih1248-suff-kpi--reflexive,udih1248-suff-kpi-,reflexive,no
udih1248-suff-kpi--reciprocal,udih1248-suff-kpi-,reciprocal,no
udih1248-suff-kpi--antipassive,udih1248-suff-kpi-,antipassive,no
udih1248-suff-kpi--selfbenefactive,udih1248-suff-kpi-,selfbenefactive,no
udih1248-suff-kpi--impersonal,udih1248-suff-kpi-,impersonal,no
udih1248-suff-kpi--facilitative,udih1248-suff-kpi-,facilitative,no
udih1248-suff-kpi--syncretism_pattern,udih1248-suff-kpi-,syncretism_pattern,PASS/ANTC
udih1248-suff-kpi--voice_functions,udih1248-suff-kpi-,voice_functions,2
udih1248-suff-kpi--source_type,udih1248-suff-kpi-,source_type,unknown
udih1248-suff-kpi--multiple_marking_language,udih1248-suff-kpi-,multiple_marking_language,yes
udih1248-suff-kpi--multiple_marking_languagecognate,udih1248-suff-kpi-,multiple_marking_languagecognate,no
udih1248-suff-kpi--multiple_marking_languagecooccurence,udih1248-suff-kpi-,multiple_marking_languagecooccurence,no
udih1248-suff-pta--kta--synthesis,udih1248-suff-pta--kta-,synthesis,synth
udih1248-suff-pta--kta--strategy,udih1248-suff-pta--kta-,strategy,suffix
udih1248-suff-pta--kta--passive,udih1248-suff-pta--kta-,passive,mid
udih1248-suff-pta--kta--anticausative,udih1248-suff-pta--kta-,anticausative,mid
udih1248-suff-pta--kta--reflexive,udih1248-suff-pta--kta-,reflexive,no
udih1248-suff-pta--kta--reciprocal,udih1248-suff-pta--kta-,reciprocal,no
udih1248-suff-pta--kta--antipassive,udih1248-suff-pta--kta-,antipassive,no
udih1248-suff-pta--kta--selfbenefactive,udih1248-suff-pta--kta-,selfbenefactive,no
udih1248-suff-pta--kta--impersonal,udih1248-suff-pta--kta-,impersonal,no
udih1248-suff-pta--kta--facilitative,udih1248-suff-pta--kta-,facilitative,no
udih1248-suff-pta--kta--syncretism_pattern,udih1248-suff-pta--kta-,syncretism_pattern,PASS/ANTC
udih1248-suff-pta--kta--voice_functions,udih1248-suff-pta--kta-,voice_functions,2
udih1248-suff-pta--kta--source_type,udih1248-suff-pta--kta-,source_type,unknown
udih1248-suff-pta--kta--multiple_marking_language,udih1248-suff-pta--kta-,multiple_marking_language,yes
udih1248-suff-pta--kta--multiple_marking_languagecognate,udih1248-suff-pta--kta-,multiple_marking_languagecognate,no
udih1248-suff-pta--kta--multiple_marking_languagecooccurence,udih1248-suff-pta--kta-,multiple_marking_languagecooccurence,no
urar1246-prefne--synthesis,urar1246-prefne-,synthesis,synth
urar1246-prefne--strategy,urar1246-prefne-,strategy,prefix
urar1246-prefne--passive,urar1246-prefne-,passive,no
urar1246-prefne--anticausative,urar1246-prefne-,anticausative,mid
urar1246-prefne--reflexive,urar1246-prefne-,reflexive,compt
urar1246-prefne--reciprocal,urar1246-prefne-,reciprocal,compl
urar1246-prefne--antipassive,urar1246-prefne-,antipassive,no
urar1246-prefne--selfbenefactive,urar1246-prefne-,selfbenefactive,no
urar1246-prefne--impersonal,urar1246-prefne-,impersonal,no
urar1246-prefne--facilitative,urar1246-prefne-,facilitative,no
urar1246-prefne--syncretism_pattern,urar1246-prefne-,syncretism_pattern,ANTC/REFL
urar1246-prefne--voice_functions,urar1246-prefne-,voice_functions,2
urar1246-prefne--source_type,urar1246-prefne-,source_type,refl
urar1246-prefne--multiple_marking_language,urar1246-prefne-,multiple_marking_language,no
nucl1328-objpro-ngn--synthesis,nucl1328-objpro-ngn-,synthesis,synth
nucl1328-objpro-ngn--strategy,nucl1328-objpro-ngn-,strategy,object pronoun
nucl1328-objpro-ngn--passive,nucl1328-objpro-ngn-,passive,no
nucl1328-objpro-ngn--anticausative,nucl1328-objpro-ngn-,anticausative,no
nucl1328-objpro-ngn--reflexive,nucl1328-objpro-ngn-,reflexive,mid
nucl1328-objpro-ngn--reciprocal,nucl1328-objpro-ngn-,reciprocal,mid
nucl1328-objpro-ngn--antipassive,nucl1328-objpro-ngn-,antipassive,no
nucl1328-objpro-ngn--selfbenefactive,nucl1328-objpro-ngn-,selfbenefactive,no
nucl1328-objpro-ngn--impersonal,nucl1328-objpro-ngn-,impersonal,no
nucl1328-objpro-ngn--facilitative,nucl1328-objpro-ngn-,facilitative,no
nucl1328-objpro-ngn--syncretism_pattern,nucl1328-objpro-ngn-,syncretism_pattern,REFL/RECP
nucl1328-objpro-ngn--voice_functions,nucl1328-objpro-ngn-,voice_functions,2
nucl1328-objpro-ngn--source_type,nucl1328-objpro-ngn-,source_type,norefl
nucl1328-objpro-ngn--source_typenonreflexive,nucl1328-objpro-ngn-,source_typenonreflexive,uncontr
nucl1328-objpro-ngn--multiple_marking_language,nucl1328-objpro-ngn-,multiple_marking_language,no
wara1294-middletemplate-synthesis,wara1294-middletemplate,synthesis,synth
wara1294-middletemplate-strategy,wara1294-middletemplate,strategy,verb template
wara1294-middletemplate-passive,wara1294-middletemplate,passive,mid
wara1294-middletemplate-anticausative,wara1294-middletemplate,anticausative,no
wara1294-middletemplate-reflexive,wara1294-middletemplate,reflexive,mid
wara1294-middletemplate-reciprocal,wara1294-middletemplate,reciprocal,mid
wara1294-middletemplate-antipassive,wara1294-middletemplate,antipassive,mid
wara1294-middletemplate-selfbenefactive,wara1294-middletemplate,selfbenefactive,no
wara1294-middletemplate-impersonal,wara1294-middletemplate,impersonal,mid
wara1294-middletemplate-facilitative,wara1294-middletemplate,facilitative,no
wara1294-middletemplate-syncretism_pattern,wara1294-middletemplate,syncretism_pattern,PASS/REFL/RECP/ANTP
wara1294-middletemplate-voice_functions,wara1294-middletemplate,voice_functions,4
wara1294-middletemplate-source_type,wara1294-middletemplate,source_type,unknown
wara1294-middletemplate-multiple_marking_language,wara1294-middletemplate,multiple_marking_language,no
ward1246-suff-yi--synthesis,ward1246-suff-yi-,synthesis,synth
ward1246-suff-yi--strategy,ward1246-suff-yi-,strategy,suffix
ward1246-suff-yi--passive,ward1246-suff-yi-,passive,no
ward1246-suff-yi--anticausative,ward1246-suff-yi-,anticausative,mid
ward1246-suff-yi--reflexive,ward1246-suff-yi-,reflexive,mid
ward1246-suff-yi--reciprocal,ward1246-suff-yi-,reciprocal,mid
ward1246-suff-yi--antipassive,ward1246-suff-yi-,antipassive,compl
ward1246-suff-yi--selfbenefactive,ward1246-suff-yi-,selfbenefactive,no
ward1246-suff-yi--impersonal,ward1246-suff-yi-,impersonal,no
ward1246-suff-yi--facilitative,ward1246-suff-yi-,facilitative,no
ward1246-suff-yi--syncretism_pattern,ward1246-suff-yi-,syncretism_pattern,ANTC/REFL/RECP
ward1246-suff-yi--voice_functions,ward1246-suff-yi-,voice_functions,3
ward1246-suff-yi--source_type,ward1246-suff-yi-,source_type,unknown
ward1246-suff-yi--multiple_marking_language,ward1246-suff-yi-,multiple_marking_language,no
ware1253-subjobjprefixes-synthesis,ware1253-subjobjprefixes,synthesis,synth
ware1253-subjobjprefixes-strategy,ware1253-subjobjprefixes,strategy,subj/obj index
ware1253-subjobjprefixes-passive,ware1253-subjobjprefixes,passive,no
ware1253-subjobjprefixes-anticausative,ware1253-subjobjprefixes,anticausative,no
ware1253-subjobjprefixes-reflexive,ware1253-subjobjprefixes,reflexive,compt
ware1253-subjobjprefixes-reciprocal,ware1253-subjobjprefixes,reciprocal,compt
ware1253-subjobjprefixes-antipassive,ware1253-subjobjprefixes,antipassive,no
ware1253-subjobjprefixes-selfbenefactive,ware1253-subjobjprefixes,selfbenefactive,no
ware1253-subjobjprefixes-impersonal,ware1253-subjobjprefixes,impersonal,no
ware1253-subjobjprefixes-facilitative,ware1253-subjobjprefixes,facilitative,no
ware1253-subjobjprefixes-syncretism_pattern,ware1253-subjobjprefixes,syncretism_pattern,REFL/RECP
ware1253-subjobjprefixes-voice_functions,ware1253-subjobjprefixes,voice_functions,2
ware1253-subjobjprefixes-source_type,ware1253-subjobjprefixes,source_type,refl
ware1253-subjobjprefixes-multiple_marking_language,ware1253-subjobjprefixes,multiple_marking_language,no
waru1264-suff-gali--synthesis,waru1264-suff-gali-,synthesis,synth
waru1264-suff-gali--strategy,waru1264-suff-gali-,strategy,suffix
waru1264-suff-gali--passive,waru1264-suff-gali-,passive,no
waru1264-suff-gali--anticausative,waru1264-suff-gali-,anticausative,mid
waru1264-suff-gali--reflexive,waru1264-suff-gali-,reflexive,mid
waru1264-suff-gali--reciprocal,waru1264-suff-gali-,reciprocal,no
waru1264-suff-gali--antipassive,waru1264-suff-gali-,antipassive,mid
waru1264-suff-gali--selfbenefactive,waru1264-suff-gali-,selfbenefactive,no
waru1264-suff-gali--impersonal,waru1264-suff-gali-,impersonal,no
waru1264-suff-gali--facilitative,waru1264-suff-gali-,facilitative,no
waru1264-suff-gali--syncretism_pattern,waru1264-suff-gali-,syncretism_pattern,ANTC/REFL/ANTP
waru1264-suff-gali--voice_functions,waru1264-suff-gali-,voice_functions,3
waru1264-suff-gali--source_type,waru1264-suff-gali-,source_type,norefl
waru1264-suff-gali--source_typenonreflexive,waru1264-suff-gali-,source_typenonreflexive,uncontr
waru1264-suff-gali--multiple_marking_language,waru1264-suff-gali-,multiple_marking_language,yes
waru1264-suff-gali--multiple_marking_languagecognate,waru1264-suff-gali-,multiple_marking_languagecognate,yes
waru1264-suff-gali--multiple_marking_languagecooccurence,waru1264-suff-gali-,multiple_marking_languagecooccurence,no
waru1264-suff-li--synthesis,waru1264-suff-li-,synthesis,synth
waru1264-suff-li--strategy,waru1264-suff-li-,strategy,suffix
waru1264-suff-li--passive,waru1264-suff-li-,passive,no
waru1264-suff-li--anticausative,waru1264-suff-li-,anticausative,mid
waru1264-suff-li--reflexive,waru1264-suff-li-,reflexive,mid
waru1264-suff-li--reciprocal,waru1264-suff-li-,reciprocal,no
waru1264-suff-li--antipassive,waru1264-suff-li-,antipassive,mid
waru1264-suff-li--selfbenefactive,waru1264-suff-li-,selfbenefactive,no
waru1264-suff-li--impersonal,waru1264-suff-li-,impersonal,no
waru1264-suff-li--facilitative,waru1264-suff-li-,facilitative,no
waru1264-suff-li--syncretism_pattern,waru1264-suff-li-,syncretism_pattern,ANTC/REFL/ANTP
waru1264-suff-li--voice_functions,waru1264-suff-li-,voice_functions,3
waru1264-suff-li--source_type,waru1264-suff-li-,source_type,norefl
waru1264-suff-li--source_typenonreflexive,waru1264-suff-li-,source_typenonreflexive,uncontr
waru1264-suff-li--multiple_marking_language,waru1264-suff-li-,multiple_marking_language,yes
waru1264-suff-li--multiple_marking_languagecognate,waru1264-suff-li-,multiple_marking_languagecognate,yes
waru1264-suff-li--multiple_marking_languagecooccurence,waru1264-suff-li-,multiple_marking_languagecooccurence,no
worr1237-suff-ye--synthesis,worr1237-suff-ye-,synthesis,synth
worr1237-suff-ye--strategy,worr1237-suff-ye-,strategy,suffix
worr1237-suff-ye--passive,worr1237-suff-ye-,passive,mid
worr1237-suff-ye--anticausative,worr1237-suff-ye-,anticausative,mid
worr1237-suff-ye--reflexive,worr1237-suff-ye-,reflexive,mid
worr1237-suff-ye--reciprocal,worr1237-suff-ye-,reciprocal,mid
worr1237-suff-ye--antipassive,worr1237-suff-ye-,antipassive,mid
worr1237-suff-ye--selfbenefactive,worr1237-suff-ye-,selfbenefactive,mid
worr1237-suff-ye--impersonal,worr1237-suff-ye-,impersonal,no
worr1237-suff-ye--facilitative,worr1237-suff-ye-,facilitative,no
worr1237-suff-ye--other_opp_class,worr1237-suff-ye-,other_opp_class,other
worr1237-suff-ye--syncretism_pattern,worr1237-suff-ye-,syncretism_pattern,PASS/ANTC/REFL/SELF/RECP/ANTP
worr1237-suff-ye--voice_functions,worr1237-suff-ye-,voice_functions,6
worr1237-suff-ye--source_type,worr1237-suff-ye-,source_type,norefl
worr1237-suff-ye--source_typenonreflexive,worr1237-suff-ye-,source_typenonreflexive,uncontr
worr1237-suff-ye--multiple_marking_language,worr1237-suff-ye-,multiple_marking_language,no
yakk1236-suff-ca--synthesis,yakk1236-suff-ca-,synthesis,synth
yakk1236-suff-ca--strategy,yakk1236-suff-ca-,strategy,suffix
yakk1236-suff-ca--passive,yakk1236-suff-ca-,passive,no
yakk1236-suff-ca--anticausative,yakk1236-suff-ca-,anticausative,no
yakk1236-suff-ca--reflexive,yakk1236-suff-ca-,reflexive,mid
yakk1236-suff-ca--reciprocal,yakk1236-suff-ca-,reciprocal,compl
yakk1236-suff-ca--antipassive,yakk1236-suff-ca-,antipassive,no
yakk1236-suff-ca--selfbenefactive,yakk1236-suff-ca-,selfbenefactive,mid
yakk1236-suff-ca--impersonal,yakk1236-suff-ca-,impersonal,no
yakk1236-suff-ca--facilitative,yakk1236-suff-ca-,facilitative,no
yakk1236-suff-ca--other_opp_class,yakk1236-suff-ca-,other_opp_class,other
yakk1236-suff-ca--syncretism_pattern,yakk1236-suff-ca-,syncretism_pattern,REFL/RECP
yakk1236-suff-ca--voice_functions,yakk1236-suff-ca-,voice_functions,2
yakk1236-suff-ca--source_type,yakk1236-suff-ca-,source_type,norefl
yakk1236-suff-ca--source_typenonreflexive,yakk1236-suff-ca-,source_typenonreflexive,lex
yakk1236-suff-ca--multiple_marking_language,yakk1236-suff-ca-,multiple_marking_language,no
yapu1240-prefd--synthesis,yapu1240-prefd-,synthesis,synth
yapu1240-prefd--strategy,yapu1240-prefd-,strategy,prefix
yapu1240-prefd--passive,yapu1240-prefd-,passive,no
yapu1240-prefd--anticausative,yapu1240-prefd-,anticausative,mid
yapu1240-prefd--reflexive,yapu1240-prefd-,reflexive,mid
yapu1240-prefd--reciprocal,yapu1240-prefd-,reciprocal,mid
yapu1240-prefd--antipassive,yapu1240-prefd-,antipassive,no
yapu1240-prefd--selfbenefactive,yapu1240-prefd-,selfbenefactive,no
yapu1240-prefd--impersonal,yapu1240-prefd-,impersonal,no
yapu1240-prefd--facilitative,yapu1240-prefd-,facilitative,no
yapu1240-prefd--syncretism_pattern,yapu1240-prefd-,syncretism_pattern,ANTC/REFL/RECP
yapu1240-prefd--voice_functions,yapu1240-prefd-,voice_functions,3
yapu1240-prefd--source_type,yapu1240-prefd-,source_type,unknown
yapu1240-prefd--multiple_marking_language,yapu1240-prefd-,multiple_marking_language,no
maru1253-prefna--synthesis,maru1253-prefna-,synthesis,synth
maru1253-prefna--strategy,maru1253-prefna-,strategy,prefix
maru1253-prefna--passive,maru1253-prefna-,passive,no
maru1253-prefna--anticausative,maru1253-prefna-,anticausative,mid
maru1253-prefna--reflexive,maru1253-prefna-,reflexive,compl
maru1253-prefna--reciprocal,maru1253-prefna-,reciprocal,compl
maru1253-prefna--antipassive,maru1253-prefna-,antipassive,mid
maru1253-prefna--selfbenefactive,maru1253-prefna-,selfbenefactive,no
maru1253-prefna--impersonal,maru1253-prefna-,impersonal,no
maru1253-prefna--facilitative,maru1253-prefna-,facilitative,no
maru1253-prefna--syncretism_pattern,maru1253-prefna-,syncretism_pattern,ANTC/ANTP
maru1253-prefna--voice_functions,maru1253-prefna-,voice_functions,2
maru1253-prefna--source_type,maru1253-prefna-,source_type,unknown
maru1253-prefna--multiple_marking_language,maru1253-prefna-,multiple_marking_language,no
yeyi1239-suff-uk--synthesis,yeyi1239-suff-uk-,synthesis,synth
yeyi1239-suff-uk--strategy,yeyi1239-suff-uk-,strategy,suffix
yeyi1239-suff-uk--passive,yeyi1239-suff-uk-,passive,mid
yeyi1239-suff-uk--anticausative,yeyi1239-suff-uk-,anticausative,mid
yeyi1239-suff-uk--reflexive,yeyi1239-suff-uk-,reflexive,no
yeyi1239-suff-uk--reciprocal,yeyi1239-suff-uk-,reciprocal,no
yeyi1239-suff-uk--antipassive,yeyi1239-suff-uk-,antipassive,no
yeyi1239-suff-uk--selfbenefactive,yeyi1239-suff-uk-,selfbenefactive,no
yeyi1239-suff-uk--impersonal,yeyi1239-suff-uk-,impersonal,no
yeyi1239-suff-uk--facilitative,yeyi1239-suff-uk-,facilitative,no
yeyi1239-suff-uk--other_opp_class,yeyi1239-suff-uk-,other_opp_class,other
yeyi1239-suff-uk--syncretism_pattern,yeyi1239-suff-uk-,syncretism_pattern,PASS/ANTC
yeyi1239-suff-uk--voice_functions,yeyi1239-suff-uk-,voice_functions,2
yeyi1239-suff-uk--source_type,yeyi1239-suff-uk-,source_type,norefl
yeyi1239-suff-uk--source_typenonreflexive,yeyi1239-suff-uk-,source_typenonreflexive,voice
yeyi1239-suff-uk--multiple_marking_language,yeyi1239-suff-uk-,multiple_marking_language,yes
yeyi1239-suff-uk--multiple_marking_languagecognate,yeyi1239-suff-uk-,multiple_marking_languagecognate,no
yeyi1239-suff-uk--multiple_marking_languagecooccurence,yeyi1239-suff-uk-,multiple_marking_languagecooccurence,no
yeyi1239-suff-aak--synthesis,yeyi1239-suff-aak-,synthesis,synth
yeyi1239-suff-aak--strategy,yeyi1239-suff-aak-,strategy,suffix
yeyi1239-suff-aak--passive,yeyi1239-suff-aak-,passive,mid
yeyi1239-suff-aak--anticausative,yeyi1239-suff-aak-,anticausative,mid
yeyi1239-suff-aak--reflexive,yeyi1239-suff-aak-,reflexive,no
yeyi1239-suff-aak--reciprocal,yeyi1239-suff-aak-,reciprocal,no
yeyi1239-suff-aak--antipassive,yeyi1239-suff-aak-,antipassive,no
yeyi1239-suff-aak--selfbenefactive,yeyi1239-suff-aak-,selfbenefactive,no
yeyi1239-suff-aak--impersonal,yeyi1239-suff-aak-,impersonal,no
yeyi1239-suff-aak--facilitative,yeyi1239-suff-aak-,facilitative,no
yeyi1239-suff-aak--syncretism_pattern,yeyi1239-suff-aak-,syncretism_pattern,PASS/ANTC
yeyi1239-suff-aak--voice_functions,yeyi1239-suff-aak-,voice_functions,2
yeyi1239-suff-aak--source_type,yeyi1239-suff-aak-,source_type,norefl
yeyi1239-suff-aak--source_typenonreflexive,yeyi1239-suff-aak-,source_typenonreflexive,voice
yeyi1239-suff-aak--multiple_marking_language,yeyi1239-suff-aak-,multiple_marking_language,yes
yeyi1239-suff-aak--multiple_marking_languagecognate,yeyi1239-suff-aak-,multiple_marking_languagecognate,no
yeyi1239-suff-aak--multiple_marking_languagecooccurence,yeyi1239-suff-aak-,multiple_marking_languagecooccurence,no
yuca1254-cvvcpattern-synthesis,yuca1254-cvvcpattern,synthesis,synth
yuca1254-cvvcpattern-strategy,yuca1254-cvvcpattern,strategy,vowel lenghtening/high tone
yuca1254-cvvcpattern-passive,yuca1254-cvvcpattern,passive,compl
yuca1254-cvvcpattern-anticausative,yuca1254-cvvcpattern,anticausative,compt
yuca1254-cvvcpattern-reflexive,yuca1254-cvvcpattern,reflexive,compl
yuca1254-cvvcpattern-reciprocal,yuca1254-cvvcpattern,reciprocal,no
yuca1254-cvvcpattern-antipassive,yuca1254-cvvcpattern,antipassive,compl
yuca1254-cvvcpattern-selfbenefactive,yuca1254-cvvcpattern,selfbenefactive,no
yuca1254-cvvcpattern-impersonal,yuca1254-cvvcpattern,impersonal,no
yuca1254-cvvcpattern-facilitative,yuca1254-cvvcpattern,facilitative,no
yuca1254-cvvcpattern-syncretism_pattern,yuca1254-cvvcpattern,syncretism_pattern,ANTC
yuca1254-cvvcpattern-voice_functions,yuca1254-cvvcpattern,voice_functions,1
yuca1254-cvvcpattern-source_type,yuca1254-cvvcpattern,source_type,unknown
yuca1254-cvvcpattern-multiple_marking_language,yuca1254-cvvcpattern,multiple_marking_language,no
yuch1247-reflexivepronominalprefixes-synthesis,yuch1247-reflexivepronominalprefixes,synthesis,synth
yuch1247-reflexivepronominalprefixes-strategy,yuch1247-reflexivepronominalprefixes,strategy,person prefixes
yuch1247-reflexivepronominalprefixes-passive,yuch1247-reflexivepronominalprefixes,passive,no
yuch1247-reflexivepronominalprefixes-anticausative,yuch1247-reflexivepronominalprefixes,anticausative,no
yuch1247-reflexivepronominalprefixes-reflexive,yuch1247-reflexivepronominalprefixes,reflexive,mid
yuch1247-reflexivepronominalprefixes-reciprocal,yuch1247-reflexivepronominalprefixes,reciprocal,compl
yuch1247-reflexivepronominalprefixes-antipassive,yuch1247-reflexivepronominalprefixes,antipassive,no
yuch1247-reflexivepronominalprefixes-selfbenefactive,yuch1247-reflexivepronominalprefixes,selfbenefactive,mid
yuch1247-reflexivepronominalprefixes-impersonal,yuch1247-reflexivepronominalprefixes,impersonal,no
yuch1247-reflexivepronominalprefixes-facilitative,yuch1247-reflexivepronominalprefixes,facilitative,no
yuch1247-reflexivepronominalprefixes-syncretism_pattern,yuch1247-reflexivepronominalprefixes,syncretism_pattern,REFL/SELF
yuch1247-reflexivepronominalprefixes-voice_functions,yuch1247-reflexivepronominalprefixes,voice_functions,2
yuch1247-reflexivepronominalprefixes-source_type,yuch1247-reflexivepronominalprefixes,source_type,refl
yuch1247-reflexivepronominalprefixes-multiple_marking_language,yuch1247-reflexivepronominalprefixes,multiple_marking_language,no
yura1255-suff-ta-synthesis,yura1255-suff-ta,synthesis,synth
yura1255-suff-ta-strategy,yura1255-suff-ta,strategy,suffix
yura1255-suff-ta-passive,yura1255-suff-ta,passive,mid
yura1255-suff-ta-anticausative,yura1255-suff-ta,anticausative,mid
yura1255-suff-ta-reflexive,yura1255-suff-ta,reflexive,compt
yura1255-suff-ta-reciprocal,yura1255-suff-ta,reciprocal,mid
yura1255-suff-ta-antipassive,yura1255-suff-ta,antipassive,no
yura1255-suff-ta-selfbenefactive,yura1255-suff-ta,selfbenefactive,no
yura1255-suff-ta-impersonal,yura1255-suff-ta,impersonal,no
yura1255-suff-ta-facilitative,yura1255-suff-ta,facilitative,no
yura1255-suff-ta-other_opp_class,yura1255-suff-ta,other_opp_class,aspect
yura1255-suff-ta-syncretism_pattern,yura1255-suff-ta,syncretism_pattern,PASS/ANTC/REFL/RECP
yura1255-suff-ta-voice_functions,yura1255-suff-ta,voice_functions,4
yura1255-suff-ta-source_type,yura1255-suff-ta,source_type,norefl
yura1255-suff-ta-source_typenonreflexive,yura1255-suff-ta,source_typenonreflexive,lex
yura1255-suff-ta-multiple_marking_language,yura1255-suff-ta,multiple_marking_language,no
zagh1240-verbclass1-synthesis,zagh1240-verbclass1,synthesis,synth
zagh1240-verbclass1-strategy,zagh1240-verbclass1,strategy,person index
zagh1240-verbclass1-passive,zagh1240-verbclass1,passive,no
zagh1240-verbclass1-anticausative,zagh1240-verbclass1,anticausative,mid
zagh1240-verbclass1-reflexive,zagh1240-verbclass1,reflexive,no
zagh1240-verbclass1-reciprocal,zagh1240-verbclass1,reciprocal,no
zagh1240-verbclass1-antipassive,zagh1240-verbclass1,antipassive,no
zagh1240-verbclass1-selfbenefactive,zagh1240-verbclass1,selfbenefactive,no
zagh1240-verbclass1-impersonal,zagh1240-verbclass1,impersonal,no
zagh1240-verbclass1-facilitative,zagh1240-verbclass1,facilitative,no
zagh1240-verbclass1-syncretism_pattern,zagh1240-verbclass1,syncretism_pattern,ANTC
zagh1240-verbclass1-voice_functions,zagh1240-verbclass1,voice_functions,1
zagh1240-verbclass1-source_type,zagh1240-verbclass1,source_type,unknown
zagh1240-verbclass1-multiple_marking_language,zagh1240-verbclass1,multiple_marking_language,no
